sio2_wat_a_fre.d.real,sio2_wat_a_fre.d.imag
-0.0173118,-0.0525005
-0.0172884,-0.0419936
-0.0129431,-0.0293483
-0.00198812,-0.0158067
0.0184785,-0.00453399
0.0505601,-0.00275159
0.0897987,-0.0232339
0.114865,-0.0756227
0.0960267,-0.140916
0.0373354,-0.177096
-0.0258149,-0.169019
-0.0689017,-0.129412
-0.0819057,-0.07327
-0.0567481,-0.0158162
0.00996998,0.0157591
0.0917004,-0.0133641
0.131361,-0.0972993
0.10952,-0.182328
0.0549015,-0.236493
-0.00658216,-0.262324
-0.0659243,-0.270673
-0.123514,-0.269348
-0.184496,-0.261941
-0.259719,-0.246338
-0.370921,-0.199093
-0.489904,-0.000326525
-0.280476,0.210009
-0.155763,0.12382
-0.157523,0.0770668
-0.177394,0.0747972
-0.194912,0.097906
-0.204164,0.139809
-0.199095,0.199432
-0.168712,0.276977
-0.0922674,0.367618
0.0628373,0.443906
0.310284,0.420304
0.531474,0.188455
0.519354,-0.143011
0.327929,-0.340564
0.128412,-0.383277
-0.0153257,-0.343143
-0.0978552,-0.269868
-0.124582,-0.194033
-0.106642,-0.141475
-0.0663989,-0.132159
-0.0340625,-0.171668
-0.0368148,-0.251686
-0.0992438,-0.361164
-0.269658,-0.486821
-0.682087,-0.524422
-1.17277,0.142027
-0.519476,0.743776
-0.0988535,0.560634
0.0167967,0.38149
0.0432484,0.269982
0.0408159,0.201175
0.026947,0.158948
0.00733515,0.135314
-0.015942,0.12742
-0.0406548,0.13668
-0.0585842,0.167377
-0.0486613,0.212354
-0.00943993,0.231389
0.0113379,0.21467
6.39316e-05,0.195656
-0.0298641,0.184935
-0.0708728,0.177366
-0.119635,0.164847
-0.171726,0.139742
-0.219824,0.0974982
-0.255963,0.0390392
-0.275839,-0.0303287
-0.280695,-0.105424
-0.275264,-0.185019
-0.26478,-0.272977
-0.253411,-0.378313
-0.243684,-0.517008
-0.235473,-0.718864
-0.21898,-1.04876
-0.129909,-1.68184
0.598748,-3.19199
6.33944,-2.27756
2.84751,2.22707
1.33347,1.6334
0.850581,1.20614
0.606416,0.930459
0.421223,0.726504
0.21175,0.547602
-0.130046,0.344514
-0.984347,-0.0349852
-9.15248,-3.9582
3.818,1.55158
2.11213,1.03693
1.58652,0.905092
1.26783,0.865146
0.986165,0.847589
0.692426,0.801759
0.394397,0.687155
0.129137,0.497138
-0.0807764,0.262351
-0.250926,0.0199151
-0.42734,-0.208315
-0.683205,-0.40084
-1.13078,-0.454799
-1.71082,0.0496582
-1.37629,1.0662
-0.517705,1.15361
-0.117826,0.85239
0.0277735,0.595889
0.0784425,0.41093
0.0900192,0.275185
0.0821504,0.171496
0.0619737,0.0897028
0.0318063,0.0246982
-0.00754075,-0.0242871
-0.0528984,-0.0536816
-0.0918852,-0.0600021
-0.104851,-0.0570344
-0.0952774,-0.077135
-0.0907998,-0.131053
-0.104057,-0.20891
-0.130294,-0.307476
-0.156283,-0.434396
-0.155335,-0.600931
-0.0767727,-0.79893
0.126648,-0.953646
0.391227,-0.950646
0.571107,-0.807263
0.631678,-0.638234
0.621502,-0.498182
0.575462,-0.386685
0.496976,-0.295447
0.372711,-0.24177
0.226671,-0.279833
0.153896,-0.40773
0.185343,-0.532623
0.275539,-0.607282
0.394628,-0.62676
0.523434,-0.581607
0.626074,-0.465096
0.659977,-0.30399
0.618498,-0.151972
0.534334,-0.0421369
0.440914,0.0270805
0.35367,0.0710876
0.274453,0.103956
0.198248,0.135151
0.11534,0.169664
0.00979525,0.205652
-0.140282,0.222251
-0.333517,0.156825
-0.463642,-0.0411705
-0.42618,-0.245134
-0.318382,-0.33685
-0.230622,-0.350699
-0.173007,-0.332834
-0.133702,-0.302032
-0.0996674,-0.262613
-0.0564111,-0.21352
0.0191161,-0.153997
0.172083,-0.097843
0.478676,-0.13261
0.890897,-0.558962
0.751859,-1.47649
-0.149759,-1.9911
-1.18701,-1.81067
-1.94174,-0.880913
-1.62157,0.291851
-0.774833,0.583395
-0.265196,0.361343
-0.0370506,0.0705128
0.0636501,-0.201912
0.114001,-0.469161
0.152334,-0.764822
0.207882,-1.13716
0.323928,-1.66816
0.604947,-2.53405
1.42088,-4.23649
5.33387,-9.01089
20.1074,31.223
-2.97316,8.52619
-2.82282,4.25162
-2.55955,2.45864
-2.2906,1.38541
-2.00763,0.651531
-1.72056,0.11181
-1.42359,-0.325756
-1.0536,-0.724488
-0.446407,-1.01222
0.296551,-0.736839
0.399776,-0.114367
0.167098,0.143832
-0.00863132,0.187409
-0.112219,0.17503
-0.176118,0.156118
-0.220881,0.145153
-0.257299,0.148592
-0.289999,0.173702
-0.3164,0.234212
-0.312567,0.356549
-0.174606,0.55725
0.26813,0.579267
0.481526,0.121314
0.306421,-0.17632
0.118941,-0.280383
-0.0352209,-0.318185
-0.183185,-0.329415
-0.357061,-0.312093
-0.593229,-0.217295
-0.862896,0.130013
-0.644553,0.816155
0.0664888,0.8268
0.299243,0.480731
0.300903,0.258902
0.250759,0.141658
0.195447,0.101048
0.199222,0.127785
0.288481,0.0812409
0.303331,-0.0225037
0.284199,-0.0931969
0.267509,-0.142343
0.259742,-0.181528
0.262289,-0.215422
0.275906,-0.245274
0.301105,-0.270721
0.337906,-0.290888
0.386264,-0.305623
0.447286,-0.316205
0.525415,-0.325329
0.63149,-0.336351
0.788744,-0.351889
1.04945,-0.368479
1.55004,-0.34648
2.69931,0.0605705
3.64058,3.71116
-1.07784,3.7621
-1.44379,2.10284
-1.41384,1.6648
-1.75782,1.8311
-5.99997,2.88957
0.717875,-2.27815
0.302703,-0.692676
0.162511,-0.336112
0.119146,-0.197489
0.116136,-0.137045
0.134913,-0.118748
0.167716,-0.133566
0.209355,-0.184738
0.251414,-0.285973
0.270751,-0.464104
0.197378,-0.754821
-0.151171,-1.12607
-0.935385,-1.18949
-1.55239,-0.534202
-1.52488,0.184034
-1.27283,0.59184
-1.04108,0.808631
-0.867825,0.944661
-0.747389,1.05191
-0.674157,1.15372
-0.649732,1.25985
-0.683964,1.36881
-0.789011,1.46301
-0.958611,1.50343
-1.13233,1.45608
-1.19185,1.35533
-1.00806,1.27362
-0.559014,1.06956
-0.249356,0.641316
-0.184014,0.33484
-0.162851,0.182317
-0.132662,0.10057
-0.0931438,0.0468442
-0.0482143,0.00217933
-0.000236452,-0.0437069
0.049159,-0.098928
0.0963517,-0.17249
0.130636,-0.274043
0.128062,-0.404456
0.0645769,-0.533491
-0.0365118,-0.612146
-0.114883,-0.642229
-0.145973,-0.667005
-0.138779,-0.713084
-0.105677,-0.783048
-0.0605843,-0.866775
-0.0309121,-0.953843
-0.0599961,-1.04214
-0.20018,-1.12354
-0.49061,-1.13676
-0.868629,-0.949623
-1.11009,-0.541529
-1.10175,-0.126559
-0.967785,0.149741
-0.828178,0.308225
-0.72336,0.405886
-0.658475,0.484229
-0.631686,0.57409
-0.643066,0.713367
-0.689114,0.985571
-0.656462,1.66553
1.09196,2.88071
2.08166,0.243332
1.11223,-0.259823
0.726019,-0.259672
0.552694,-0.229851
0.466673,-0.211369
0.426421,-0.208213
0.418386,-0.22222
0.444643,-0.258357
0.530764,-0.325653
0.77461,-0.411218
1.35708,-0.148836
1.12896,0.724095
0.644876,0.73339
0.5033,0.633317
0.472228,0.589234
0.478496,0.589572
0.497904,0.622959
0.516358,0.68117
0.520864,0.752385
0.500692,0.815506
0.453352,0.842062
0.385184,0.811129
0.302834,0.726116
0.207397,0.614763
0.100749,0.511103
-0.011648,0.436601
-0.127671,0.396887
-0.256064,0.388877
-0.425081,0.404378
-0.709754,0.408603
-1.25874,0.141485
-1.14191,-1.07243
-0.100717,-0.983415
0.119987,-0.583435
0.148069,-0.366475
0.149856,-0.238163
0.154192,-0.149805
0.167726,-0.079599
0.19335,-0.0155695
0.233934,0.0515629
0.293088,0.132551
0.374201,0.244338
0.474716,0.416554
0.567195,0.695811
0.563674,1.11771
0.345082,1.61281
-0.0505494,2.0523
-0.477336,2.59449
-1.02657,4.22129
43.6734,26.985
1.21053,-2.83272
0.428286,-1.2043
0.20504,-0.676388
0.109067,-0.418391
0.0620469,-0.262955
0.0380361,-0.154299
0.0244215,-0.067921
0.0110947,0.00921717
-0.0156638,0.0826084
-0.0760808,0.141551
-0.172903,0.140334
-0.234323,0.046907
-0.204226,-0.0636048
-0.129979,-0.134154
-0.0521028,-0.176227
0.0211473,-0.208705
0.0922731,-0.24162
0.165594,-0.278876
0.245141,-0.320088
0.333127,-0.360216
0.425468,-0.388748
0.504118,-0.394581
0.536588,-0.382529
0.499276,-0.383563
0.398371,-0.431162
0.252441,-0.537789
0.0710663,-0.707708
-0.140824,-0.96929
-0.33358,-1.42458
-0.130319,-2.24127
1.20336,-2.36617
1.51468,-1.18687
1.10312,-0.625666
0.769882,-0.410246
0.54437,-0.297493
0.389648,-0.217582
0.280953,-0.149028
0.203381,-0.0839181
0.147205,-0.0180948
0.105041,0.0521521
0.0693133,0.131783
0.0280312,0.22831
-0.0467043,0.350784
-0.230818,0.482358
-0.606731,0.402007
-0.65477,-0.0872447
-0.321059,-0.263966
-0.0865924,-0.212352
0.0562424,-0.117147
0.148348,-0.01435
0.20338,0.0850975
0.230378,0.168315
0.244206,0.226019
0.260299,0.258473
0.28808,0.271417
0.331359,0.269969
0.391703,0.256084
0.470839,0.228139
0.571796,0.180315
0.69917,0.0999967
0.857135,-0.0386792
1.0384,-0.288788
1.17548,-0.748956
0.996655,-1.486
0.105952,-2.04981
-0.905948,-1.72108
-1.30946,-1.0505
-1.37881,-0.550907
-1.40389,-0.231627
-1.51608,-0.05227
-1.75572,-0.105894
-1.83196,-0.524442
-1.50045,-0.830125
-1.20788,-0.840123
-1.07061,-0.7896
-1.03007,-0.768687
-1.0502,-0.800395
-1.11629,-0.90627
-1.21598,-1.13064
-1.30334,-1.56154
-1.19736,-2.32279
-0.4461,-3.31857
1.09421,-3.80305
2.59689,-3.62969
4.08881,-4.10366
4.83202,-10.6467
-6.39835,-3.43898
-2.85083,-0.816006
-1.70184,-0.492062
-1.21218,-0.393732
-0.967862,-0.349955
-0.842373,-0.329656
-0.790615,-0.32549
-0.802832,-0.338136
-0.905403,-0.375221
-1.24329,-0.452814
-3.15408,-0.0131103
0.877004,1.42649
0.287566,0.377278
0.0704829,0.171717
-0.0390831,0.0885544
-0.110435,0.042766
-0.166957,0.0116312
-0.21968,-0.0138245
-0.276066,-0.038138
-0.343758,-0.063744
-0.434013,-0.0901382
-0.566663,-0.106971
-0.769916,-0.064176
-0.979847,0.194867
-0.795846,0.579883
-0.445404,0.552161
-0.29955,0.374584
-0.253209,0.224654
-0.235968,0.109269
-0.226283,0.0176837
-0.219004,-0.0577548
-0.214357,-0.122111
-0.214407,-0.17921
-0.222153,-0.232287
-0.242038,-0.284419
-0.282183,-0.338962
-0.362454,-0.399239
-0.548124,-0.451693
-0.987445,-0.20042
-0.510089,0.446946
-0.198164,0.198296
-0.171342,0.0652287
-0.176437,0.00963427
-0.179066,-0.015315
-0.173869,-0.0305286
-0.161683,-0.0481945
-0.146527,-0.077657
-0.136456,-0.127509
-0.147399,-0.205367
-0.210613,-0.310539
-0.373587,-0.405897
-0.638682,-0.377464
-0.843048,-0.145862
-0.844032,0.133137
-0.727171,0.309832
-0.596271,0.387242
-0.485882,0.405137
-0.398631,0.389434
-0.329297,0.353398
-0.271845,0.304258
-0.221203,0.247088
-0.173999,0.186393
-0.128817,0.126096
-0.0858571,0.0689561
-0.0460854,0.0161416
-0.0103621,-0.032698
0.0210788,-0.0791274
0.0488296,-0.125882
0.0745724,-0.177695
0.102417,-0.244827
0.147466,-0.359188
0.365397,-0.70518
0.480513,0.74282
0.136064,0.120183
0.138254,-0.0255591
0.15838,-0.0983069
0.187337,-0.147014
0.226261,-0.182932
0.277158,-0.207282
0.340103,-0.216155
0.410077,-0.203565
0.475074,-0.167073
0.520552,-0.114575
0.538975,-0.0634889
0.53293,-0.030759
0.507621,-0.0248587
0.462249,-0.0446725
0.388138,-0.078766
0.276438,-0.102036
0.133527,-0.0795121
-0.0127485,0.0155245
-0.130898,0.190068
-0.20446,0.451992
-0.223014,0.8595
-0.115716,1.66958
1.38644,4.59524
2.61121,-5.21518
0.12251,-2.04272
-0.113708,-1.20713
-0.174808,-0.817405
-0.191424,-0.580244
-0.189766,-0.412618
-0.1782,-0.282144
-0.160459,-0.173748
-0.138852,-0.079627
-0.115284,0.00438154
-0.0914865,0.0804047
-0.0688978,0.149388
-0.0483346,0.211731
-0.0296131,0.268004
-0.0112335,0.319792
0.0100091,0.37077
0.0402844,0.428615
0.0937116,0.510277
0.21642,0.662881
0.710367,1.09204
1.17237,-3.67558
-0.458617,-0.624049
-0.360257,-0.235648
-0.319246,-0.0917951
-0.304197,-0.00888394
-0.301389,0.0572918
-0.300994,0.126093
-0.288701,0.208201
-0.241554,0.300676
-0.142082,0.372187
-0.0160956,0.379568
0.0811726,0.326988
0.13059,0.256591
0.147181,0.195305
0.14809,0.148651
0.143146,0.113988
0.136915,0.0874359
0.131249,0.0655546
0.126456,0.0453251
0.121262,0.0239918
0.111925,0.000107006
0.0932848,-0.0227907
0.0665977,-0.035479
0.0424876,-0.034958
0.0274419,-0.0284018
0.0200413,-0.0220738
0.017365,-0.0179563
0.0176626,-0.0161304
0.0201851,-0.0163588
0.0246755,-0.0186021
0.0310143,-0.0231662
0.0389387,-0.0307497
0.0477148,-0.042414
0.0557344,-0.0593375
0.0601805,-0.0821362
0.05725,-0.109752
0.0434979,-0.138453
0.0180737,-0.162195
-0.0158636,-0.174932
-0.0518763,-0.173379
-0.0826616,-0.158511
-0.102788,-0.135284
-0.110836,-0.11064
-0.109568,-0.0903677
-0.103758,-0.0769843
-0.0976175,-0.0699672
-0.0936301,-0.0673276
-0.09276,-0.066908
-0.095056,-0.0668804
-0.100094,-0.0657569
-0.107128,-0.0622258
-0.115001,-0.0550241
-0.121863,-0.0430024
-0.12482,-0.0255561
-0.119867,-0.00367755
-0.102968,0.0185505
-0.0730388,0.0334767
-0.0352672,0.0329496
-0.000106822,0.0141198
0.022837,-0.0182566
0.0295196,-0.0556515
0.0209191,-0.0904714
0.000333577,-0.117632
-0.0282767,-0.134027
-0.0606262,-0.137866
-0.091991,-0.128662
-0.117455,-0.107695
-0.132796,-0.0783562
-0.135676,-0.045719
-0.126364,-0.0152939
-0.107452,0.0083906
-0.0828644,0.0226023
-0.0568314,0.0264262
-0.0333182,0.0203839
-0.0158639,0.0061543
-0.0074387,-0.0133674
-0.00984376,-0.033885
-0.0225491,-0.0501272
-0.0418666,-0.0575767
-0.06197,-0.0547973
-0.0777016,-0.0441264
-0.0867676,-0.029877
-0.0896774,-0.0159255
-0.0883521,-0.00456776
-0.084927,0.00337205
-0.0812248,0.00801994
-0.0786985,0.0100617
-0.0785093,0.0106347
-0.0814652,0.0114879
-0.0874947,0.0152219
-0.0943795,0.0248777
-0.0968095,0.0414609
-0.0893338,0.0604423
-0.0725109,0.0739274
-0.0524894,0.0779977
-0.0346298,0.0741785
-0.0210231,0.0655384
-0.0118582,0.0543101
-0.0068561,0.0417239
-0.00590984,0.028466
-0.0092542,0.0151535
-0.0173881,0.00278603
-0.0306712,-0.00680319
-0.0483555,-0.0107872
-0.067257,-0.00634601
-0.0817996,0.00665908
-0.0873379,0.0238661
-0.0838266,0.039056
-0.0749248,0.0485035
-0.0645252,0.0518743
-0.0549983,0.0505174
-0.0473455,0.0459904
-0.0418324,0.0395287
-0.0384399,0.0320238
-0.0370708,0.0241599
-0.037587,0.0165588
-0.03971,0.00987376
-0.0428171,0.00472059
-0.0458259,0.00130464
-0.0476047,-0.0010935
-0.0479127,-0.00396354
-0.0477266,-0.0084712
-0.0484063,-0.0147225
-0.0508788,-0.0220863
-0.055539,-0.0297566
-0.0624701,-0.0369801
-0.0715916,-0.0430247
-0.0826501,-0.0470842
-0.0950762,-0.0482434
-0.107758,-0.0456025
-0.118871,-0.0386731
-0.126081,-0.028027
-0.127404,-0.0157776
-0.122453,-0.00515468
-0.112965,0.000952716
-0.101935,0.00133346
-0.0921872,-0.0034156
-0.0855769,-0.0116795
-0.0829993,-0.0215982
-0.0847192,-0.0313878
-0.0905859,-0.0393029
-0.0999631,-0.043494
-0.111356,-0.0420443
-0.121938,-0.0335346
-0.127651,-0.0183026
-0.124757,0.000381849
-0.112375,0.0170558
-0.0933944,0.0270195
-0.0724551,0.0286663
-0.0533574,0.0231252
-0.0381455,0.0125718
-0.0275563,-0.000953951
-0.0217264,-0.0158585
-0.0206236,-0.030825
-0.0241183,-0.0444979
-0.031764,-0.0553234
-0.0423571,-0.061649
-0.0536671,-0.0623561
-0.0628668,-0.0577398
-0.0677453,-0.0497767
-0.06775,-0.0412315
-0.0639071,-0.0343392
-0.0579182,-0.0301635
-0.0513563,-0.0287664
-0.0453407,-0.0296569
-0.0405388,-0.032132
-0.0372568,-0.0354469
-0.0355026,-0.0388933
-0.0350147,-0.0418689
-0.0353021,-0.0439781
-0.0357527,-0.0451374
-0.035817,-0.0456157
-0.0352034,-0.0459472
-0.0339836,-0.0467396
-0.0325672,-0.0484622
-0.0315752,-0.0512966
-0.0316743,-0.0550716
-0.0334074,-0.0592722
-0.0370348,-0.0631123
-0.0424027,-0.0656859
-0.0488942,-0.0661934
-0.0555168,-0.0641924
-0.0611395,-0.0597681
-0.0647927,-0.0535352
-0.0659072,-0.0464699
-0.0644082,-0.0396625
-0.0606764,-0.0340913
-0.0554337,-0.0304696
-0.0496084,-0.0291546
-0.0441898,-0.0300988
-0.0400601,-0.0328414
-0.0378072,-0.0365753
-0.0375663,-0.0403213
-0.0389775,-0.0431911
-0.0413132,-0.0446436
-0.0437351,-0.0446141
-0.0455642,-0.0434662
-0.0464558,-0.0418124
-0.0464392,-0.0402976
-0.0458523,-0.0394191
-0.0452126,-0.0394116
-0.0450635,-0.0402049
-0.0458174,-0.041453
-0.0476281,-0.0426368
-0.0503259,-0.0432276
-0.0534554,-0.0428688
-0.0564111,-0.0415152
-0.0586389,-0.0394715
-0.0598274,-0.0373113
-0.0600265,-0.0356984
-0.0596482,-0.0351687
-0.0593495,-0.035946
-0.0598301,-0.0378463
-0.0616108,-0.0403065
-0.0648615,-0.0425259
-0.0693181,-0.0436629
-0.0743394,-0.0430578
-0.079039,-0.0403929
-0.0824217,-0.0357468
-0.0835665,-0.0296195
-0.0817935,-0.0228917
-0.0768218,-0.0167267
-0.0689037,-0.012397
-0.058884,-0.0110274
-0.0481139,-0.0132924
-0.0381843,-0.0191697
-0.0305291,-0.027883
-0.0260563,-0.0380892
-0.0249604,-0.0482402
-0.0267714,-0.056954
-0.0305687,-0.0632632
-0.0352374,-0.0667026
-0.0396872,-0.0672817
-0.0430047,-0.0653963
-0.044557,-0.0617209
-0.0440557,-0.0570844
-0.0415807,-0.0523295
-0.0375448,-0.0481637
-0.0325924,-0.0450372
-0.0274469,-0.0430835
-0.0227571,-0.0421454
-0.0189869,-0.0418672
-0.0163755,-0.0418123
-0.0149549,-0.041566
-0.014602,-0.0408018
-0.0150977,-0.0393124
-0.0161807,-0.0370161
-0.0175905,-0.0339476
-0.0191012,-0.0302427
-0.0205518,-0.0261158
-0.021868,-0.0218286
-0.0230757,-0.0176501
-0.0242952,-0.0138085
-0.0257131,-0.010447
-0.0275311,-0.00759458
-0.0299043,-0.00516806
-0.0328893,-0.00300621
-0.0364198,-0.000925611
-0.040316,0.00122222
-0.0443213,0.00351126
-0.0481484,0.0059261
-0.0515215,0.00836844
-0.0542077,0.0106753
-0.0560376,0.0126408
-0.056918,0.014037
-0.0568417,0.0146349
-0.0558942,0.0142271
-0.0542534,0.012656
-0.0521767,0.00984456
-0.0499718,0.00582611
-0.0479493,0.000757044
-0.0463694,-0.00509373
-0.0453988,-0.0113822
-0.0450921,-0.0177413
-0.0454004,-0.0238312
-0.0461988,-0.0293709
-0.047317,-0.0341426
-0.0485649,-0.0380043
-0.0497435,-0.0408973
-0.0506542,-0.0428165
-0.0511106,-0.0438265
-0.0509566,-0.0440654
-0.0500945,-0.0437407
-0.0485131,-0.0431087
-0.0463073,-0.0424377
-0.0436771,-0.0419608
-0.0409033,-0.0418316
-0.0383047,-0.0420944
-0.0361873,-0.0426753
-0.0347929,-0.043394
-0.034257,-0.0439941
-0.0345806,-0.0441882
-0.0356206,-0.0437144
-0.0371066,-0.0423951
-0.0386855,-0.0401878
-0.0399907,-0.0372112
-0.0407184,-0.0337337
-0.040692,-0.0301262
-0.0398924,-0.0267879
-0.0384502,-0.0240722
-0.0366043,-0.0222289
-0.0346449,-0.0213757
-0.0328558,-0.0214988
-0.0314637,-0.0224747
-0.0306237,-0.0241026
-0.0303874,-0.0261497
-0.0307133,-0.028392
-0.0314872,-0.0306494
-0.032557,-0.0328099
-0.0337734,-0.0348312
-0.0350252,-0.0367232
-0.0362569,-0.0385148
-0.0374637,-0.0402177
-0.0386666,-0.0418034
-0.0398784,-0.0431993
-0.0410747,-0.0443062
-0.0421784,-0.0450299
-0.0430646,-0.0453161
-0.0435839,-0.0451806
-0.0435994,-0.044722
-0.0430293,-0.044114
-0.0418817,-0.0435746
-0.0402714,-0.0433187
-0.0384106,-0.0435036
-0.0365712,-0.0441848
-0.0350294,-0.0452942
-0.0340047,-0.0466485
-0.03361,-0.0479855
-0.0338235,-0.0490201
-0.0344903,-0.0495081
-0.0353521,-0.0493028
-0.0361007,-0.0483933
-0.0364452,-0.0469165
-0.03618,-0.0451366
-0.0352391,-0.0433926
-0.0337209,-0.0420237
-0.0318728,-0.0412869
-0.030035,-0.0412914
-0.0285569,-0.0419503
-0.02771,-0.0430469
-0.0276183,-0.0442587
-0.0282333,-0.045239
-0.0293502,-0.0457059
-0.0306596,-0.0455043
-0.0318169,-0.0446359
-0.0325165,-0.0432565
-0.0325565,-0.0416425
-0.0318843,-0.0401332
-0.0306123,-0.0390547
-0.0289978,-0.0386415
-0.0273834,-0.0389736
-0.0261083,-0.0399494
-0.0254153,-0.0413109
-0.0253848,-0.0427162
-0.0259166,-0.0438355
-0.0267675,-0.0444392
-0.0276251,-0.0444515
-0.028192,-0.0439563
-0.0282582,-0.0431654
-0.0277479,-0.0423601
-0.0267328,-0.0418201
-0.0254151,-0.0417558
-0.0240807,-0.0422535
-0.0230286,-0.0432467
-0.0224929,-0.0445266
-0.022576,-0.0457918
-0.0232167,-0.0467284
-0.0242064,-0.0470974
-0.0252479,-0.0467989
-0.0260387,-0.0458953
-0.0263521,-0.0445895
-0.0260918,-0.0431654
-0.0253126,-0.0419156
-0.0242024,-0.0410664
-0.0230389,-0.0407148
-0.0221132,-0.0408108
-0.0216453,-0.0411819
-0.0217328,-0.041548
-0.0223116,-0.0416135
-0.0231664,-0.0411524
-0.0239872,-0.0400782
-0.0244513,-0.0384721
-0.0243093,-0.0365666
-0.0234468,-0.0346896
-0.0219129,-0.033189
-0.0199087,-0.0323556
-0.0177467,-0.0323613
-0.0157855,-0.0332203
-0.0143563,-0.0347839
-0.0136909,-0.0367673
-0.013869,-0.0388096
-0.0147997,-0.0405524
-0.0162436,-0.0417202
-0.0178719,-0.0421787
-0.0193446,-0.0419549
-0.0203859,-0.0412178
-0.0208375,-0.0402278
-0.0206794,-0.0392695
-0.0200189,-0.0385895
-0.0190546,-0.0383463
-0.0180234,-0.0385838
-0.0171432,-0.0392313
-0.0165628,-0.0401313
-0.016332,-0.0410862
-0.0163996,-0.0419142
-0.0166414,-0.0424954
-0.0169046,-0.0427949
-0.0170545,-0.0428589
-0.0170095,-0.0427897
-0.0167656,-0.042709
-0.0163863,-0.0427222
-0.0159543,-0.0428938
-0.0155918,-0.0432231
-0.0154072,-0.0436434
-0.015462,-0.0440336
-0.0157445,-0.0442497
-0.0161643,-0.0441659
-0.0165704,-0.0437168
-0.0167925,-0.0429216
-0.0166865,-0.0418813
-0.0161705,-0.0407525
-0.015238,-0.0397093
-0.0139532,-0.0389104
-0.0124335,-0.0384757
-0.01083,-0.0384724
-0.00930816,-0.038911
-0.00802911,-0.0397424
-0.00713029,-0.0408611
-0.00670451,-0.0421138
-0.00678101,-0.0433173
-0.00731426,-0.044287
-0.00818763,-0.04487
-0.00923334,-0.0449741
-0.010265,-0.0445825
-0.0111115,-0.0437516
-0.0116435,-0.0425933
-0.0117867,-0.0412501
-0.0115234,-0.0398711
-0.0108857,-0.0385931
-0.00994453,-0.0375267
-0.00879712,-0.0367474
-0.0075531,-0.0362924
-0.00632116,-0.0361597
-0.00519647,-0.0363134
-0.00425099,-0.0366921
-0.00353705,-0.0372193
-0.00308503,-0.0378167
-0.00286182,-0.038415
-0.00284013,-0.038957
-0.00298319,-0.0394021
-0.00325167,-0.039725
-0.00360846,-0.0399128
-0.00402105,-0.0399612
-0.0044618,-0.0398698
-0.00490587,-0.0396407
-0.00532903,-0.0392771
-0.00570535,-0.0387844
-0.00600622,-0.0381728
-0.00620105,-0.0374602
-0.00626009,-0.0366753
-0.00615949,-0.0358582
-0.00588651,-0.0350602
-0.00544528,-0.0343383
-0.00486001,-0.0337486
-0.00417476,-0.0333376
-0.00344891,-0.0331336
-0.00274943,-0.0331407
-0.00214033,-0.0333384
-0.00167353,-0.0336833
-0.00138136,-0.0341169
-0.00127302,-0.0345738
-0.00133449,-0.0349916
-0.00153252,-0.0353184
-0.00182176,-0.0355238
-0.00215429,-0.0356026
-0.00247915,-0.0355482
-0.00276115,-0.0353809
-0.00298053,-0.035129
-0.00313346,-0.0348202
-0.00322772,-0.0344746
-0.00327595,-0.0341015
-0.00328815,-0.0336998
-0.00326606,-0.033263
-0.00320152,-0.032785
-0.00307729,-0.032268
-0.00287341,-0.0317265
-0.00257427,-0.0311892
-0.00217697,-0.0306956
-0.00169661,-0.0302889
-0.00116818,-0.0300062
-0.000642212,-0.029868
-0.000176154,-0.0298712
0.000177476,-0.0299872
0.000382977,-0.0301659
0.000429323,-0.0303455
0.000333355,-0.0304644
0.000136542,-0.0304728
-0.000102726,-0.0303427
-0.000319498,-0.0300726
-0.000454626,-0.029688
-0.00046515,-0.0292366
-0.000332663,-0.0287795
-6.69536e-05,-0.0283795
0.000295978,-0.0280892
0.000701019,-0.0279401
0.00108491,-0.0279366
0.00138977,-0.0280549
0.00157524,-0.0282493
0.00162615,-0.0284629
0.0015552,-0.0286539
0.00139583,-0.028784
0.0011924,-0.0288172
0.000991526,-0.0287565
0.000830266,-0.0286248
0.000729192,-0.0284578
0.000688712,-0.0282938
0.000691061,-0.0281653
0.00070546,-0.028091
0.000695602,-0.0280716
0.000628827,-0.0280896
0.000484363,-0.0281127
0.000258855,-0.0281012
-3.20176e-05,-0.0280171
-0.000356041,-0.0278329
-0.0006717,-0.0275379
-0.000935916,-0.0271404
-0.00111251,-0.0266667
-0.00117895,-0.0261557
-0.00112962,-0.0256524
-0.000976336,-0.0252004
-0.000745888,-0.0248355
-0.000474931,-0.0245802
-0.000204519,-0.024442
2.7285e-05,-0.0244127
0.00019017,-0.0244722
0.000265646,-0.0245924
0.000247254,-0.024743
0.000139658,-0.0248961
-4.44444e-05,-0.0250291
-0.000288075,-0.0251263
-0.000572744,-0.025178
-0.000880606,-0.0251799
-0.00119528,-0.0251315
-0.00150254,-0.0250347
-0.00178999,-0.0248934
-0.00204708,-0.0247133
-0.00226983,-0.0245023
-0.00244902,-0.0242682
-0.00257952,-0.0240202
-0.00266113,-0.0237679
-0.00269629,-0.0235198
-0.00269015,-0.0232829
-0.00264839,-0.0230618
-0.00257704,-0.0228595
-0.00248103,-0.0226778
-0.00236467,-0.0225184
-0.00223134,-0.0223835
-0.00208466,-0.0222768
-0.00192962,-0.0222027
-0.00177325,-0.0221662
-0.00162513,-0.0221709
-0.00149688,-0.0222185
-0.00140192,-0.0223065
-0.00135314,-0.0224282
-0.00136143,-0.022572
-0.00143399,-0.0227223
-0.00157264,-0.0228612
-0.00177313,-0.0229698
-0.00202478,-0.0230312
-0.00231169,-0.0230317
-0.002614,-0.0229634
-0.00290961,-0.0228246
-0.00317606,-0.0226215
-0.00338883,-0.0223705
-0.00353955,-0.0220835
-0.00361935,-0.0217813
-0.00362602,-0.0214867
-0.00356412,-0.0212221
-0.0034446,-0.0210073
-0.00328411,-0.0208582
-0.00310291,-0.0207851
-0.00292351,-0.0207919
-0.00276873,-0.0208754
-0.0026597,-0.0210261
-0.00261389,-0.0212283
-0.00264371,-0.0214613
-0.00275513,-0.0217013
-0.00294649,-0.0219229
-0.00320817,-0.0221014
-0.00352313,-0.0222158
-0.00386735,-0.022251
-0.00421234,-0.0222004
-0.00452814,-0.0220673
-0.0047871,-0.0218658
-0.00496762,-0.0216196
-0.0050582,-0.0213592
-0.00505933,-0.021118
-0.00498438,-0.0209273
-0.00485784,-0.0208111
-0.00471147,-0.020782
-0.00457902,-0.0208391
-0.00449039,-0.0209685
-0.00446612,-0.021146
-0.00451393,-0.0213426
-0.00462835,-0.0215304
-0.00479286,-0.0216884
-0.00498463,-0.0218062
-0.00518022,-0.0218848
-0.00536037,-0.0219348
-0.00551322,-0.0219728
-0.00563597,-0.0220174
-0.00573392,-0.0220849
-0.00581858,-0.022186
-0.0059048,-0.0223238
-0.00600709,-0.0224931
-0.00613581,-0.0226811
-0.00629432,-0.0228701
-0.0064767,-0.0230412
-0.00666807,-0.0231793
-0.00684805,-0.023291
-0.00699504,-0.0233716
-0.0070929,-0.0234317
-0.00713559,-0.0234917
-0.00712892,-0.0235727
-0.00708893,-0.0236901
-0.00703813,-0.0238503
-0.00700001,-0.0240485
-0.0069946,-0.0242704
-0.00703465,-0.0244939
-0.00712289,-0.0246931
-0.00725095,-0.0248422
-0.00739979,-0.0249199
-0.00754124,-0.0249136
-0.0076421,-0.0248233
-0.00766903,-0.0246629
-0.00759476,-0.0244603
-0.00740406,-0.0242542
-0.00709767,-0.0240881
-0.00669335,-0.0240031
-0.00622429,-0.0240311
-0.00573381,-0.0241888
-0.00526893,-0.0244746
-0.00487314,-0.0248687
-0.00457944,-0.0253353
-0.00440505,-0.0258281
-0.00434871,-0.0262969
-0.00439031,-0.0266958
-0.00449447,-0.0269899
-0.00461682,-0.0271612
-0.00471162,-0.0272095
-0.00473945,-0.0271513
-0.00467194,-0.0270148
-0.0044945,-0.026834
-0.00420565,-0.0266438
-0.00381513,-0.0264757
-0.00334158,-0.0263558
-0.00280351,-0.0263082
-0.0022278,-0.0263458
-0.00165571,-0.0264649
-0.0011211,-0.0266589
-0.000656434,-0.0269095
-0.000288419,-0.0271866
-3.19287e-05,-0.0274486
0.0001161,-0.0276479
0.00018055,-0.0277397
0.000206227,-0.0276936
0.000248796,-0.0275038
0.000361035,-0.0271916
0.00057928,-0.0268008
0.000915981,-0.0263857
0.00135956,-0.0259989
0.00187992,-0.0256821
0.0024362,-0.0254612
0.00298384,-0.0253463
0.00348025,-0.0253324
0.00388883,-0.0254016
0.00418194,-0.0255263
0.00434382,-0.025671
0.00437263,-0.0257966
0.00428207,-0.0258644
0.00410111,-0.0258426
0.00387065,-0.0257118
0.00363727,-0.0254701
0.00344437,-0.025134
0.00332358,-0.0247352
0.00328911,-0.0243121
0.00333718,-0.0239013
0.00345044,-0.0235295
0.00360506,-0.0232096
0.00377797,-0.0229417
0.00395222,-0.022716
0.00411936,-0.0225187
0.00427939,-0.0223359
0.00444,-0.0221554
0.00461341,-0.0219683
0.00480326,-0.0217853
0.00501483,-0.021614
0.00524804,-0.021465
0.00549671,-0.0213493
0.00574885,-0.0212752
0.00598818,-0.0212461
0.00619626,-0.0212596
0.00635525,-0.0213062
0.00645071,-0.0213706
0.00647405,-0.0214332
0.00642405,-0.0214732
0.00630726,-0.0214714
0.00613672,-0.0214139
0.00592957,-0.0212939
0.00570372,-0.0211132
0.00547476,-0.0208803
0.0052536,-0.0206088
0.00504565,-0.0203141
0.00485162,-0.0200099
0.00466947,-0.0197066
0.00449709,-0.0194099
0.00433477,-0.0191217
0.0041868,-0.0188418
0.00406186,-0.0185707
0.00397199,-0.0183116
0.00393032,-0.0180727
0.00394801,-0.0178677
0.00403085,-0.0177155
0.00417604,-0.0176377
0.00437012,-0.0176548
0.00458843,-0.0177817
0.00479719,-0.0180218
0.00495833,-0.0183624
0.00503682,-0.0187729
0.00500912,-0.0192057
0.00487098,-0.0196017
0.00464163,-0.0198993
0.00436049,-0.0200486
0.00408507,-0.020016
0.00388075,-0.0197916
0.00381023,-0.0193919
0.00392276,-0.0188582
0.00424477,-0.0182511
0.00477256,-0.017643
0.00546844,-0.0171073
0.00626186,-0.016706
0.00705693,-0.0164778
0.00774729,-0.0164275
0.00823641,-0.0165239
0.00845873,-0.0167054
0.00839527,-0.0168958
0.00807773,-0.0170251
0.00757861,-0.0170491
0.00699028,-0.0169621
0.00639926,-0.0167967
0.00586403,-0.0166126
0.00540273,-0.0164765
0.00499374,-0.0164411
0.00458807,-0.0165285
0.00412842,-0.016723
0.00356887,-0.016975
0.00288975,-0.0172126
0.00210478,-0.0173577
0.00126063,-0.017342
0.000430279,-0.0171208
-0.000297824,-0.0166819
-0.000833291,-0.0160509
-0.001099,-0.0152911
-0.00104658,-0.0144969
-0.000669678,-0.0137812
-1.1413e-05,-0.0132559
0.000837982,-0.0130085
0.00175532,-0.0130818
0.00260831,-0.0134617
0.00328223,-0.0140793
0.003701,-0.0148286
0.00383987,-0.015586
0.00372381,-0.0162354
0.0034171,-0.0166874
0.00300773,-0.0168904
0.00259044,-0.016835
0.002251,-0.0165516
0.00205299,-0.0161027
0.00202871,-0.0155703
0.00217528,-0.0150417
0.00245761,-0.0145923
0.002818,-0.0142733
0.00319086,-0.0141032
0.0035187,-0.0140691
0.00376489,-0.0141346
0.00392023,-0.0142528
0.00400195,-0.0143802
0.00404688,-0.0144879
0.00410083,-0.0145669
0.00420758,-0.0146301
0.00439921,-0.0147072
0.00468958,-0.0148386
0.00507154,-0.0150657
0.00551828,-0.0154223
0.00598804,-0.0159272
0.00643176,-0.0165785
0.00680183,-0.0173532
0.0070608,-0.0182087
0.00718824,-0.0190891
0.00718466,-0.0199331
0.00707141,-0.0206836
0.00688658,-0.0212961
0.00667744,-0.0217446
0.0064913,-0.0220236
0.00636675,-0.0221457
0.00632798,-0.0221357
0.00638326,-0.0220217
0.00652749,-0.0218327
0.00674742,-0.0215935
0.00702733,-0.0213227
0.0073529,-0.0210362
0.00771263,-0.0207505
0.00809603,-0.0204857
0.00848996,-0.0202659
0.00887367,-0.0201176
0.00921504,-0.0200642
0.00946937,-0.0201186
0.0095825,-0.020275
0.00949868,-0.0205022
0.00917258,-0.0207409
0.00858262,-0.0209078
0.00774276,-0.0209066
0.00670867,-0.0206438
0.00557631,-0.0200482
0.00447163,-0.0190883
0.00353252,-0.0177848
0.00288558,-0.0162142
0.00262263,-0.0145013
0.00278164,-0.0128015
0.00333741,-0.0112762
0.00420425,-0.0100655
0.0052499,-0.00926669
0.00631643,-0.00892081
0.00724334,-0.00900953
0.00788747,-0.0094609
0.00813839,-0.0101603
0.00792868,-0.0109635
0.00724105,-0.011711
0.00611323,-0.0122435
0.00464015,-0.0124203
0.00297003,-0.012142
0.00128974,-0.0113741
-0.000203949,-0.0101645
-0.00134368,-0.00864417
-0.00202929,-0.0070048
-0.00224848,-0.00545625
-0.00207153,-0.00418094
-0.00162451,-0.00330095
-0.00105508,-0.00286687
-0.000504329,-0.00286428
-9.03462e-05,-0.00322939
9.80429e-05,-0.00386399
2.78668e-06,-0.00464642
-0.00040125,-0.00543784
-0.00109972,-0.0060881
-0.00202784,-0.00644654
-0.00306002,-0.00638377
-0.00401101,-0.00582618
-0.00466135,-0.00479424
-0.00481144,-0.00342341
-0.00434605,-0.00194549
-0.00327681,-0.000629215
-0.00173792,0.000291741
5.70505e-05,0.000668364
0.00186872,0.000448264
0.00347079,-0.000338358
0.00466898,-0.00159951
0.00530804,-0.00319483
0.00527949,-0.00494086
0.0045386,-0.0066146
0.00313104,-0.00796956
0.00121592,-0.00877575
-0.000938095,-0.00888217
-0.00300361,-0.00827579
-0.00468249,-0.00709795
-0.00578776,-0.0055979
-0.00627497,-0.00404785
-0.00621531,-0.00266693
-0.00573877,-0.00158547
-0.00498047,-0.000848154
-0.0040463,-0.000438976
-0.00299832,-0.000311194
-0.00185394,-0.000415071
-0.000594742,-0.000721197
0.000816573,-0.00123896
0.00240993,-0.00202684
0.00417533,-0.00318858
0.0060315,-0.00484888
0.00781063,-0.00710921
0.00927195,-0.00999597
0.0101455,-0.013422
0.0101912,-0.0171771
0.00925387,-0.0209493
0.00730055,-0.024364
0.00444107,-0.0270308
0.000936668,-0.0285931
-0.00280276,-0.0287861
-0.00624221,-0.0275036
-0.00878207,-0.0248693
-0.00986654,-0.0212834
-0.00912798,-0.0174078
-0.0065242,-0.0140648
-0.00240566,-0.0120565
0.00252854,-0.0119677
0.00737558,-0.0140222
0.0112167,-0.01804
0.0132841,-0.0234846
0.0130742,-0.0295627
0.0104106,-0.0353384
0.00547221,-0.0398465
-0.00119877,-0.0422116
-0.00872097,-0.0417841
-0.015955,-0.0382862
-0.0216666,-0.0319372
-0.024768,-0.0234947
-0.0245802,-0.0141576
-0.0210204,-0.0053246
-0.0146299,0.00172057
-0.00643009,0.0060837
0.00232862,0.00740539
0.0104247,0.00585886
0.0168601,0.00204329
0.0209711,-0.00316568
0.0224716,-0.00876626
0.0214536,-0.0137675
0.0183575,-0.0173182
0.0139051,-0.0188314
0.00898084,-0.0180901
0.00445781,-0.0152994
0.000999796,-0.011041
-0.00109317,-0.00611694
-0.00192845,-0.00132616
-0.00193194,0.00274304
-0.00167089,0.00582664
-0.00166622,0.00798293
-0.00225593,0.00950402
-0.00353156,0.0107904
-0.00533783,0.0122273
-0.00731611,0.0140801
-0.00897843,0.0164123
-0.00981004,0.0190304
-0.0093999,0.0214687
-0.00758881,0.0230376
-0.00459888,0.0229623
-0.00108164,0.0206059
0.00197621,0.0157203
0.00349866,0.00862019
0.00263985,0.000185675
-0.000952059,-0.00831954
-0.00702389,-0.015534
-0.0147699,-0.0202752
-0.0229879,-0.0217369
-0.0302717,-0.0195988
-0.0352031,-0.014074
-0.0365445,-0.00591518
-0.0334408,0.00362908
-0.0256246,0.0129426
-0.0135792,0.0202833
0.00142475,0.024132
0.0174847,0.0235658
0.0324225,0.0185236
0.0442388,0.00985005
0.0515129,-0.000904388
0.0536246,-0.011837
0.0507719,-0.0210683
0.0438383,-0.0270436
0.034192,-0.0287277
0.0234703,-0.0257166
0.0133601,-0.0182909
0.00536486,-0.00741537
0.00055189,0.0053454
-0.000682204,0.0180373
0.00125098,0.028665
0.00518559,0.0356148
0.00947461,0.0380168
0.0124069,0.0359098
0.0126182,0.0301558
0.00935503,0.0221674
0.00255077,0.0135737
-0.00724963,0.00592879
-0.0190368,0.000508853
-0.0314971,-0.00181211
-0.0431626,-0.000635003
-0.0525595,0.00392229
-0.0583723,0.0112167
-0.0596324,0.0201295
-0.0559042,0.029206
-0.0474152,0.0368967
-0.0350607,0.0418595
-0.0202507,0.0432403
-0.00463104,0.0408305
0.0102279,0.0350541
0.0230771,0.0268042
0.0331157,0.0172083
0.040001,0.00740416
0.043783,-0.00162337
0.0448068,-0.00913338
0.0436112,-0.0146593
0.0408334,-0.0179992
0.0371286,-0.0191832
0.0331005,-0.0184249
0.0292522,-0.0160694
0.0259577,-0.0125421
0.0234504,-0.00830697
0.0218214,-0.00383854
0.0210202,0.000395753
0.0208463,0.00394999
0.0209369,0.00642468
0.0207578,0.00751074
0.0196199,0.00705656
0.0167489,0.00514371
0.011423,0.00213492
0.00317244,-0.00135442
-0.00801418,-0.0045966
-0.0215526,-0.00697828
-0.0362551,-0.00823274
-0.0504627,-0.00856159
-0.0622879,-0.00858893
-0.0699388,-0.00917122
-0.072092,-0.0111676
-0.0682486,-0.0152842
-0.0589418,-0.0220127
-0.0456831,-0.0316019
-0.0306424,-0.0439911
-0.0161685,-0.0587258
-0.00432084,-0.0749373
0.00344607,-0.0914386
0.00638947,-0.106904
0.00440874,-0.12003
-0.00209551,-0.129618
-0.0123193,-0.134556
-0.025006,-0.133786
-0.0382094,-0.126397
-0.049003,-0.112154
-0.0537238,-0.0926155
-0.0496882,-0.0721123
-0.0378902,-0.0564609
-0.0232695,-0.0491061
-0.0111146,-0.0489992
-0.0039204,-0.0526132
-0.00151302,-0.0567386
-0.00256619,-0.0594781
-0.00563278,-0.0599885
-0.00947883,-0.0579962
-0.013065,-0.0534694
