wavenumber_cm-1,real_smooth,imag_smooth,real_fit,imag_fit,real_residual,imag_residual
3350.1,-0.03731101176470588,-0.035382911764705885,-0.03773219396375622,-0.03792373286753801,0.0004211821990503378,0.0025408211028321234
3350.97,-0.03675574117647058,-0.0342442705882353,-0.03704867373696087,-0.03366503591306872,0.0002929325604902888,-0.0005792346751665803
3351.84,-0.03630391764705882,-0.0331859294117647,-0.03655824821948298,-0.031239606236983825,0.0002543305724241607,-0.001946323174780877
3352.72,-0.035962747058823526,-0.03221383529411765,-0.03610804210142171,-0.030041247183331288,0.00014529504259818554,-0.0021725881107863623
3353.59,-0.035722770588235295,-0.03133136470588235,-0.03564152123579551,-0.029646628312202813,-8.12493524397842e-05,-0.0016847363936795395
3354.47,-0.03555984117647059,-0.030546382352941177,-0.035137440793383934,-0.029708310311193146,-0.000422400383086656,-0.0008380720417480308
3355.34,-0.03544080588235294,-0.029877070588235292,-0.03463679766206456,-0.029984976302991524,-0.0008040082202883797,0.00010790571475623179
3356.22,-0.03533214705882353,-0.029354529411764703,-0.03418607463712454,-0.03031933844827036,-0.0011460724216989931,0.0009648090365056566
3357.09,-0.03520971176470588,-0.029020888235294116,-0.03386774427767999,-0.03061330233266323,-0.0013419674870258913,0.001592414097369113
3357.97,-0.035066852941176466,-0.028922476470588234,-0.03374724452291276,-0.03084746835422767,-0.0013196084182637083,0.0019249918836394368
3358.84,-0.03491820588235294,-0.029099329411764706,-0.033879427736463276,-0.031046011820987388,-0.0010387781458896655,0.0019466824092226817
3359.72,-0.03479751176470589,-0.029574017647058824,-0.03428210321742577,-0.03128139753503106,-0.000515408547280119,0.0017073798879722324
3360.59,-0.034749652941176476,-0.030343023529411768,-0.03491381629835872,-0.03162624135823087,0.000164163357182244,0.0012832178288190998
3361.47,-0.0348192,-0.03137351176470589,-0.0357144131223927,-0.032150553150244586,0.000895213122392699,0.0007770413855386973
3362.34,-0.03503850588235294,-0.032606317647058826,-0.03657024036046343,-0.03286776084529781,0.0015317344781104886,0.0002614431982389809
3363.22,-0.035418523529411765,-0.033964388235294116,-0.03740639827970761,-0.03378010744492571,0.001987874750295847,-0.0001842807903684046
3364.09,-0.03594434705882353,-0.03536467647058824,-0.038131632009954695,-0.034823401623422234,0.0021872849511311646,-0.0005412748471660053
3364.97,-0.03657632352941176,-0.03673074705882353,-0.03871832592852471,-0.035963627537793086,0.002142002399112955,-0.0007671195210304446
3365.84,-0.037256652941176464,-0.03800364705882353,-0.039136293688114665,-0.037118085682906726,0.0018796407469382007,-0.0008855613759168046
3366.72,-0.037918888235294115,-0.03914905882352941,-0.03939814887047496,-0.03826480627350233,0.0014792606351808416,-0.0008842525500270815
3367.59,-0.0385003,-0.04015900000000001,-0.039512880095772925,-0.03934229547888733,0.0010125800957729233,-0.0008167045211126753
3368.47,-0.038953082352941176,-0.04104791764705883,-0.03950393789914154,-0.04035162665022226,0.0005508555462003656,-0.0006962909968365738
3369.34,-0.039252141176470585,-0.04184411764705883,-0.039393256935850246,-0.041256619790669954,0.00014111575937966053,-0.0005874978563888758
3370.22,-0.03939757647058823,-0.04257848823529412,-0.039199079946055364,-0.04207237206718138,-0.00019849652453286792,-0.0005061161681127399
3371.1,-0.03941118235294118,-0.04327362352941177,-0.03894062147796632,-0.04278763353481597,-0.00047056087497485827,-0.0004859899945958007
3371.97,-0.039327935294117655,-0.04393611176470588,-0.03863719946659153,-0.04339921138970596,-0.0006907358275261219,-0.0005369003749999199
3372.85,-0.03918479411764707,-0.0445540705882353,-0.038294534736048824,-0.04392658531866485,-0.0008902593815982435,-0.0006274852695704533
3373.73,-0.039009888235294124,-0.04510056470588236,-0.03792618981137257,-0.04436882838584926,-0.0010836984239215516,-0.0007317363200331009
3374.6,-0.03881491764705883,-0.04554170588235295,-0.03754481134359695,-0.044729363922910416,-0.0012701063034618806,-0.0008123419594425335
3375.48,-0.0385927,-0.045847235294117654,-0.03714800383921699,-0.045023628135347375,-0.0014446961607830072,-0.0008236071587702787
3376.36,-0.038320376470588224,-0.04600078235294119,-0.03674507331741692,-0.04525405477900867,-0.0015753031531713022,-0.0007467275739325152
3377.23,-0.03796752941176469,-0.04600705882352942,-0.03634448794076386,-0.0454256090337782,-0.0016230414710008342,-0.0005814497897512205
3378.11,-0.037507205882352936,-0.045893911764705884,-0.035939972278372284,-0.045548356258682206,-0.0015672336039806514,-0.0003455555060236787
3378.99,-0.036927029411764706,-0.04570821176470588,-0.03553837861355984,-0.04562569823329712,-0.0013886507982048685,-8.251353140876355e-05
3379.87,-0.0362372294117647,-0.04550614705882353,-0.03514140841061887,-0.04566281952145516,-0.0010958210011458303,0.00015667246263162404
3380.74,-0.03547285882352941,-0.045340111764705884,-0.034754744773459995,-0.045664580903551244,-0.0007181140500694128,0.00032446913884535966
3381.62,-0.03468904705882353,-0.045244564705882354,-0.03437044439152943,-0.04563521669932819,-0.0003186026672941031,0.0003906519934458383
3382.5,-0.03395014117647059,-0.045228576470588235,-0.03399370188893598,-0.04557831613326202,4.356071246539028e-05,0.0003497396626737856
3383.38,-0.033315300000000006,-0.045272994117647056,-0.03362505710370642,-0.04549728334584943,0.0003097571037064123,0.00022428922820237618
3384.25,-0.03282483529411765,-0.04533500588235294,-0.03326897271545812,-0.045396427896209485,0.0004441374213404667,6.142201385654633e-05
3385.13,-0.03249076470588236,-0.04535922352941176,-0.032917604161927835,-0.04527612118723258,0.00042683945604547746,-8.310234217918239e-05
3386.01,-0.03229399411764706,-0.04529191764705882,-0.03257540082448026,-0.045139833784789835,0.000281406706833201,-0.00015208386226898268
3386.89,-0.03218851764705882,-0.04509488235294117,-0.03224266555016548,-0.04498973602487142,5.414790310665635e-05,-0.00010514632806975233
3387.77,-0.032111635294117646,-0.044755847058823524,-0.03191972598753831,-0.04482777948465941,-0.00019190930657933536,7.193242583588416e-05
3388.64,-0.031997882352941175,-0.04429316470588234,-0.03161045671771703,-0.04465774095021714,-0.00038742563522414786,0.0003645762443348008
3389.52,-0.031793894117647055,-0.04375377647058823,-0.03130819890379484,-0.044477329280818524,-0.000485695213852215,0.0007235528102302949
3390.4,-0.031471047058823524,-0.04320444705882352,-0.031017119877598504,-0.044289986464729536,-0.0004539271812250209,0.0010855394059060136
3391.28,-0.031032964705882352,-0.042717682352941176,-0.03073789369524147,-0.04409721691438335,-0.00029507101064088145,0.0013795345614421722
3392.16,-0.03051551764705882,-0.04235515294117647,-0.030471331151591362,-0.04390055425189652,-4.418649546745687e-05,0.0015454013107200487
3393.04,-0.029978411764705875,-0.04215261176470589,-0.0302183884592166,-0.04370164363792963,0.0002399766945107261,0.0015490318732237426
3393.92,-0.029489847058823522,-0.04211068235294119,-0.02998016120623626,-0.043502344696643595,0.0004903141474127369,0.0013916623437024087
3394.79,-0.029108199999999997,-0.04219475882352942,-0.0297602843906729,-0.04330708388823226,0.0006520843906729044,0.0011123250647028446
3395.67,-0.028865941176470587,-0.04234441176470589,-0.029554925721333978,-0.04311404256106998,0.0006889845448633906,0.000769630796364093
3396.55,-0.028760682352941176,-0.04249081764705883,-0.029367824977111726,-0.042928843978717955,0.0006071426241705501,0.00043802633165912486
3397.43,-0.028755688235294116,-0.04257344117647059,-0.029199734320211168,-0.04275570284128314,0.0004440460849170526,0.0001822616648125483
3398.31,-0.028789435294117646,-0.042555652941176476,-0.029050636292510385,-0.042599819008309725,0.00026120099839273964,4.416606713324861e-05
3399.19,-0.028790899999999998,-0.04243367647058824,-0.028919160593205956,-0.042467377035156524,0.00012826059320595815,3.3700564568285574e-05
3400.07,-0.028696647058823528,-0.04223686470588235,-0.02880183243718434,-0.04236526361232686,0.00010518537836081213,0.00012839890644451152
3400.95,-0.028465658823529406,-0.04202014705882353,-0.028692272792629175,-0.042300312549234276,0.0002266139690997697,0.0002801654904107456
3401.83,-0.02808908235294117,-0.04185072941176471,-0.02858065186994645,-0.04227792100602271,0.0004915695170052796,0.0004271915942580043
3402.71,-0.027592858823529406,-0.04179172941176471,-0.028453894565746127,-0.04230008935803571,0.0008610357422167217,0.000508359946270999
3403.59,-0.027032394117647053,-0.041886094117647064,-0.028297166918234022,-0.04236337055502649,0.001264772800586969,0.00047727643737942305
3404.47,-0.026479958823529406,-0.04214452941176472,-0.02809677769387363,-0.04245770654566227,0.0016168188703442228,0.0003131771338975506
3405.35,-0.026007235294117644,-0.042540829411764715,-0.027843765495888108,-0.04256720955486482,0.0018365302017704643,2.638014310010761e-05
3406.23,-0.02566717058823529,-0.04301652941176471,-0.02753662890533521,-0.04267317894885404,0.0018694583170999202,-0.00034335046291066734
3407.11,-0.025480288235294114,-0.04349440000000001,-0.02718175272232695,-0.04275831222292659,0.0017014644870328374,-0.0007360877770734228
3407.99,-0.025429676470588233,-0.04389731176470588,-0.02679130513091196,-0.04281025196840028,0.0013616286603237264,-0.0010870597963056061
3408.88,-0.02546634705882353,-0.04416698235294118,-0.02637504066456534,-0.042823007432726476,0.0009086936057418095,-0.0013439749202147008
3409.76,-0.025523247058823532,-0.044277176470588236,-0.02595606863158997,-0.04279624531917821,0.00043282157276643834,-0.0014809311514100282
3410.64,-0.02553355294117647,-0.04423775882352941,-0.025540624435050608,-0.04273430143847265,7.071493874136886e-06,-0.001503457385056764
3411.52,-0.02544797058823529,-0.04408931176470589,-0.025136172861736947,-0.04264312223005556,-0.0003117977264983432,-0.0014461895346503245
3412.4,-0.025246635294117647,-0.04389018823529412,-0.024747157865805086,-0.04252909482598432,-0.0004994774283125607,-0.001361093409309802
3413.28,-0.02494351176470588,-0.043699511764705885,-0.024375719018698182,-0.0423981222024428,-0.0005677927460076976,-0.0013013895622630833
3414.16,-0.024582041176470587,-0.04356100588235295,-0.024022438471464163,-0.042255206106422555,-0.0005596027050064241,-0.0013057997759303927
3415.04,-0.024223064705882348,-0.0434917,-0.023686955138310074,-0.042104356356412215,-0.0005361095675722738,-0.0013873436435877864
3415.92,-0.023928947058823525,-0.04347569411764706,-0.023368407069733133,-0.0419486710500699,-0.0005605399890903917,-0.0015270230675771615
3416.81,-0.023746388235294118,-0.04346732352941177,-0.023062369272716255,-0.0417886801776561,-0.0006840189625778627,-0.0016786433517556668
3417.69,-0.02369260588235294,-0.043402552941176474,-0.02277460276422495,-0.04162972375103835,-0.0009180031181279906,-0.001772829190138124
3418.57,-0.023748994117647058,-0.0432161705882353,-0.02250054097287983,-0.04147128209538074,-0.001248453144767226,-0.0017448884928545558
3419.45,-0.023864194117647057,-0.04286002352941177,-0.02223925814119215,-0.041314285523963996,-0.0016249359764549075,-0.001545738005447772
3420.33,-0.02396615294117647,-0.042317364705882356,-0.021989961290350715,-0.04115942266376794,-0.0019761916508257565,-0.0011579420421144182
3421.22,-0.02397968823529412,-0.041609200000000006,-0.021749350349031988,-0.04100550194558785,-0.002230337886262132,-0.0006036980544121551
3422.1,-0.023844776470588237,-0.040791058823529416,-0.021522295492481722,-0.04085639628938117,-0.002322480978106514,6.533746585175165e-05
3422.98,-0.023530705882352947,-0.03994145294117647,-0.02130561280487588,-0.040710703274511637,-0.0022250930774770673,0.0007692503333351641
3423.86,-0.02304294117647059,-0.03914533529411765,-0.02109898467972235,-0.040568732709106776,-0.00194395649674824,0.0014233974149891263
3424.75,-0.022421376470588235,-0.03847655882352942,-0.020899997661349135,-0.04042924405932541,-0.0015213788092390997,0.0019526852357959895
3425.63,-0.02173105294117647,-0.037983529411764715,-0.020712959507177213,-0.040295691403273354,-0.0010180934339992578,0.002312161991508639
3426.51,-0.021047423529411767,-0.03768068823529413,-0.020535472434049466,-0.040166831338358105,-0.0005119510953623015,0.002486143103063977
3427.39,-0.020439576470588236,-0.03754793529411765,-0.020367470770317527,-0.04004305606690304,-7.210570027070887e-05,0.0024951207727853877
3428.28,-0.019954917647058826,-0.03753838235294117,-0.020207167285786476,-0.03992350476476109,0.00025224963872765016,0.002385122411819922
3429.16,-0.01960964705882353,-0.03759187647058823,-0.02005813492498718,-0.03981138572199452,0.00044848786616364864,0.002219509251406286
3430.05,-0.01938768235294118,-0.03765051176470588,-0.01991695027729993,-0.03970475908871787,0.0005292679243587492,0.002054247324011993
3430.93,-0.0192472,-0.03767444705882352,-0.019786725247723385,-0.03960670515919424,0.000539525247723386,0.0019322581003707179
3431.81,-0.019133923529411765,-0.037651170588235285,-0.019665714769757984,-0.03951675437073905,0.0005317912403462188,0.0018655837825037672
3432.7,-0.018996929411764705,-0.03759678235294117,-0.019552524166843662,-0.039434901383809215,0.0005555947550789572,0.0018381190308680434
3433.58,-0.018802352941176475,-0.03754921176470589,-0.01944942737134169,-0.03936394741361556,0.0006470744301652134,0.0018147356489096739
3434.46,-0.018541623529411768,-0.03755611764705883,-0.01935471233845463,-0.039303961544423276,0.0008130888090428605,0.0017478438973644456
3435.35,-0.018232523529411765,-0.037660805882352946,-0.019266892843642212,-0.039255593510308745,0.0010343693142304475,0.0015947876279557988
3436.23,-0.0179135,-0.03788987647058824,-0.0191872081060452,-0.03922112398358366,0.0012737081060452023,0.0013312475129954246
3437.12,-0.017632929411764708,-0.03824530588235294,-0.019112876664660293,-0.03920101975503208,0.0014799472528955852,0.0009557138726791412
3438.0,-0.017436111764705883,-0.03870269999999999,-0.019044358232721874,-0.03919696639323607,0.0016082464680159912,0.0004942663932360758
3438.88,-0.01735289411764706,-0.0392159294117647,-0.0189793038748223,-0.03920983115291,0.0016264097571752414,-6.098258854704552e-06
3439.77,-0.017389017647058823,-0.03972733529411765,-0.01891521237368421,-0.03924114740898987,0.0015261947266253864,-0.0004861878851277826
3440.65,-0.01752343529411765,-0.04018095294117647,-0.018851406174575595,-0.03929112201935135,0.001327970880457944,-0.0008898309218251174
3441.54,-0.017712476470588236,-0.04053551764705883,-0.018783967387313832,-0.039361553972631226,0.001071490916725596,-0.0011739636744276041
3442.42,-0.017899858823529412,-0.040773711764705886,-0.018711693673302318,-0.03945116724082507,0.0008118348497729057,-0.0013225445238808156
3443.31,-0.01802984705882353,-0.04090531764705883,-0.01862994476931771,-0.039561865488350216,0.0006000977104941782,-0.0013434521587086107
3444.19,-0.018060552941176474,-0.04096348235294117,-0.01853745048921099,-0.03969050757674309,0.0004768975480345175,-0.0012729747761980811
3445.08,-0.017973164705882352,-0.040995452941176465,-0.018428909504378897,-0.039838753175678324,0.0004557447984965442,-0.0011566997654981412
3445.96,-0.017773735294117646,-0.041050682352941174,-0.018303701828050446,-0.04000139201549242,0.0005299665339328005,-0.0010492903374487578
3446.85,-0.017491729411764707,-0.04116864117647059,-0.018156127913134354,-0.0401795642933528,0.0006643985013696473,-0.0009890768831177857
3447.73,-0.017172299999999998,-0.04136955882352941,-0.017987103132184327,-0.04036614899648666,0.0008148031321843288,-0.0010034098270427505
3448.62,-0.016865394117647058,-0.0416498,-0.017790922411440188,-0.04056170386377888,0.0009255282937931306,-0.0010880961362211214
3449.5,-0.01661395882352941,-0.04198275294117647,-0.01757085338868456,-0.04075783077507502,0.0009568945651551516,-0.0012249221661014484
3450.39,-0.016443941176470588,-0.042325082352941176,-0.017321532264842503,-0.04095471634730357,0.0008775910883719144,-0.0013703660056376063
3451.28,-0.016358470588235294,-0.042627023529411764,-0.017045784706201144,-0.04114582035568912,0.0006873141179658503,-0.0014812031737226478
3452.16,-0.016337841176470587,-0.042844099999999996,-0.016748423103475192,-0.04132505348165631,0.00041058192700460516,-0.0015190465183436835
3453.05,-0.016345117647058822,-0.042947041176470586,-0.01642470880508536,-0.041492785297775066,7.959115802653668e-05,-0.0014542558786955206
3453.94,-0.016335617647058823,-0.04292741176470588,-0.01608053319635634,-0.04164371511399267,-0.0002550844507024849,-0.0012836966507132133
3454.82,-0.01626728823529412,-0.04279771176470588,-0.015723146452606227,-0.041773927248738886,-0.0005441417826878917,-0.0010237845159669912
3455.71,-0.016109158823529413,-0.0425868294117647,-0.015347773532833647,-0.041884546341952024,-0.0007613852906957659,-0.0007022830698126745
3456.59,-0.015846152941176472,-0.04233275882352941,-0.014966246410064181,-0.04197196660060541,-0.000879906531112291,-0.0003607922229239974
3457.48,-0.015480005882352944,-0.042074729411764704,-0.014573288154203374,-0.042037695968010685,-0.0009067177281495697,-3.703344375401846e-05
3458.37,-0.015026985882352942,-0.041846570588235286,-0.014176424206687677,-0.04208072154234648,-0.0008505616756652647,0.00023415095411119524
3459.25,-0.014513074705882355,-0.041672064705882354,-0.013783080945999768,-0.04210153383904013,-0.0007299937598825874,0.00042946913315777824
3460.14,-0.013968603529411767,-0.041562588235294115,-0.01338691286411475,-0.04210159441748369,-0.0005816906652970182,0.0005390061821895775
3461.03,-0.013424498235294121,-0.04151670588235294,-0.012994633129317095,-0.04208182930699494,-0.00042986510597702553,0.0005651234246419959
3461.92,-0.012906216470588237,-0.041522247058823535,-0.012608101660269993,-0.042043715389927,-0.0002981148103182434,0.0005214683311034682
3462.8,-0.012430161176470588,-0.04156010588235294,-0.012233025320327186,-0.04198953981307327,-0.00019713585614340202,0.0004294339307203271
3463.69,-0.012002257058823528,-0.04160930588235294,-0.011862018153396117,-0.041919675546780874,-0.000140238905427411,0.0003103696644279341
3464.58,-0.011619247647058822,-0.04165191764705881,-0.011500229951290634,-0.04183624744263815,-0.00011901769576818863,0.0001843297955793355
3465.46,-0.01127223,-0.04167642352941176,-0.01115213794464235,-0.04174192979149631,-0.00012009205535764948,6.55062620845484e-05
3466.35,-0.010951118235294115,-0.04167847058823528,-0.010810181676556072,-0.04163601791281551,-0.00014093655873804317,-4.2452675419774044e-05
3467.24,-0.01064823588235294,-0.0416591588235294,-0.010478541535456748,-0.04152086541486849,-0.00016969434689619207,-0.00013829340866090833
3468.13,-0.010360012352941175,-0.0416220294117647,-0.01015723633645511,-0.04139770291051306,-0.00020277601648606425,-0.00022432650125163434
3469.02,-0.010086653529411762,-0.04157018235294117,-0.009846166983554642,-0.04126764189548479,-0.00024048654585711975,-0.0003025404574563753
3469.9,-0.00983063588235294,-0.04150452352941176,-0.009548471679323269,-0.04113323353793407,-0.0002821642030296709,-0.0003712899914776885
3470.79,-0.009594831764705882,-0.0414231294117647,-0.009257131629425942,-0.040992296929897455,-0.00033770013527993983,-0.00043083248186724654
3471.68,-0.009380927058823528,-0.04132146470588235,-0.008975283525480379,-0.04084710508951978,-0.00040564353334314983,-0.00047435961636256574
3472.57,-0.009188168235294118,-0.04119322941176471,-0.008702593845297134,-0.04069833780871197,-0.0004855743899969834,-0.0004948916030527439
3473.46,-0.009012462352941177,-0.04103138823529412,-0.008438710502533564,-0.040546586396800074,-0.0005737518504076132,-0.000484801838494045
3474.35,-0.008845836470588236,-0.040829682352941175,-0.008183272834190448,-0.04039236258900529,-0.0006625636363977883,-0.0004373197639358853
3475.23,-0.008676465882352942,-0.04058444705882353,-0.007938654961157197,-0.0402378727181228,-0.0007378109211957449,-0.0003465743407007338
3476.12,-0.008490144705882354,-0.04029653529411765,-0.007698944040497378,-0.04007998051925279,-0.000791200665384976,-0.00021655477486486052
3477.01,-0.00827273411764706,-0.03997297058823529,-0.007466616993443915,-0.039920754411454304,-0.0008061171242031455,-5.2216176780986445e-05
3477.9,-0.008010825882352942,-0.03962755882352941,-0.007241338394283292,-0.03976046962812055,-0.0007694874880696499,0.00013291080459113674
3478.79,-0.007696267058823531,-0.03927973529411764,-0.007022787021174855,-0.039599359382152505,-0.0006734800376486756,0.00031962408803486164
3479.68,-0.0073286111764705895,-0.038951970588235296,-0.0068106571309007324,-0.039437620466497375,-0.0005179540455698571,0.00048564987826207884
3480.57,-0.006916062352941178,-0.03866623529411764,-0.006604659139193409,-0.03927541822287291,-0.00031140321374776864,0.0006091829287552669
3481.46,-0.006474707058823531,-0.038440423529411766,-0.006404519849336801,-0.03911289092233488,-7.018720948672938e-05,0.0006724673929231137
3482.35,-0.006026327647058825,-0.03828559411764706,-0.00620998234365403,-0.038950153607331034,0.00018365469659520524,0.000664559489683976
3483.24,-0.0055954511764705886,-0.0382044,-0.006020805629165686,-0.03878730144692499,0.00042535445269509774,0.0005829014469249938
3484.13,-0.0052061847058823526,-0.03819084705882353,-0.005836764109205189,-0.038624412656324464,0.0006305794033228361,0.0004335655975009345
3485.02,-0.004879321764705882,-0.03823108235294118,-0.00565764693709915,-0.0384615510295306,0.0007783251723932679,0.000230468676589414
3485.91,-0.004629958235294118,-0.03830506470588235,-0.005483257295202893,-0.03829876813066631,0.0008532990599087742,-6.29657521604432e-06
3486.8,-0.004465787647058824,-0.03838891176470589,-0.005313411632363219,-0.0381361051857072,0.000847623985304395,-0.0002528065789986836
3487.69,-0.004386255294117647,-0.038457605882352947,-0.005147938884703206,-0.037973594712374756,0.0007616835905855587,-0.0004840111699781907
3488.58,-0.004382662941176471,-0.038487935294117655,-0.00498667969818989,-0.0378112619219707,0.0006040167570134196,-0.0006766733721469548
3489.47,-0.004439311176470589,-0.038461158823529414,-0.004829485666372632,-0.03764912592314369,0.0003901744899020435,-0.0008120329003857216
3490.36,-0.004535518235294117,-0.038365164705882346,-0.00467621859278143,-0.03748720075405033,0.00014070035748731287,-0.0008779639518320184
3491.25,-0.00464776705882353,-0.03819569411764705,-0.0045267497843309015,-0.03732549626613002,-0.00012101727449262845,-0.0008701978515170267
3492.14,-0.004752177647058824,-0.03795639411764705,-0.00438095937987768,-0.03716401887977666,-0.00037121826718114394,-0.000792375237870388
3493.03,-0.004829409411764706,-0.037657723529411755,-0.004238735716154921,-0.03700277222958614,-0.0005906736956097849,-0.0006549512998256166
3493.92,-0.004865219999999999,-0.03731517058823529,-0.004099974732121506,-0.03684175771452341,-0.0007652452678784932,-0.00047341287371188007
3494.82,-0.004851469411764705,-0.036946852941176465,-0.003963076886109749,-0.036679169729736866,-0.0008883925256549562,-0.00026768321143959967
3495.71,-0.004786096470588234,-0.036571170588235294,-0.003830993047584251,-0.03651861958146876,-0.0009551034230039831,-5.255100676653662e-05
3496.6,-0.004672277058823528,-0.03620472941176471,-0.0037020990171050625,-0.03635829665802198,-0.0009701780417184658,0.0001535672462572718
3497.49,-0.004517001176470588,-0.035860947058823534,-0.0035763160005596985,-0.036198197438339116,-0.0009406851759108893,0.0003372503795155829
3498.38,-0.004329425882352941,-0.03554941764705882,-0.0034535703782713986,-0.036038317900120756,-0.0008758555040815426,0.000488900253061933
3499.27,-0.004119344705882353,-0.035275941176470586,-0.0033337933215458757,-0.035878653723050415,-0.0007855513843364774,0.0006027125465798283
3500.16,-0.003896020588235294,-0.035043076470588234,-0.003216920438528261,-0.03571920045953371,-0.000679100149707033,0.0006761239889454748
3501.06,-0.003667574117647058,-0.034851276470588236,-0.0031016261607662485,-0.035558165544466766,-0.0005659479568808096,0.0007068890738785305
3501.95,-0.0034409899999999997,-0.03470008823529412,-0.0029904156008895622,-0.03539912319538237,-0.00045057439911043743,0.0006990349600882462
3502.84,-0.003222054705882353,-0.034587617647058824,-0.0028819389424934814,-0.035240278923871785,-0.0003401157633888714,0.0006526612768129603
3503.73,-0.003016234705882353,-0.03451147647058823,-0.0027761465547269924,-0.03508162898642858,-0.00024008815115536064,0.0005701525158403539
3504.62,-0.002829237058823529,-0.03446858235294117,-0.002672991844152733,-0.03492317002287975,-0.00015624521467079606,0.00045458766993858313
3505.52,-0.00266729294117647,-0.03445446470588235,-0.002571315718520098,-0.034763121844512704,-9.59772226563722e-05,0.0003086571386303541
3506.41,-0.0025368482352941175,-0.03446248235294117,-0.0024733361237727083,-0.03460503861665325,-6.351211152140924e-05,0.00014255626371207503
3507.3,-0.0024436682352941175,-0.034483241176470586,-0.002377870146334112,-0.03444713905651315,-6.579808896000532e-05,-3.610211995743601e-05
3508.19,-0.002391514705882353,-0.034504547058823526,-0.002284881365129345,-0.03428942178985022,-0.00010663334075300792,-0.00021512526897330547
3509.09,-0.0023807588235294115,-0.034512158823529406,-0.002193331853496088,-0.0341301169721244,-0.00018742697003332372,-0.0003820418514050086
3509.98,-0.0024073523529411765,-0.03449123529411764,-0.0021052234088973195,-0.033972764483127145,-0.000302128944043857,-0.000518470810990497
3510.87,-0.0024624676470588235,-0.034428270588235284,-0.002019494665647343,-0.03381559362090157,-0.00044297298141148054,-0.0006126769673337126
3511.77,-0.002533048823529412,-0.034313164705882346,-0.0019351932680320221,-0.03365684248481622,-0.0005978555554973901,-0.0006563222210661246
3512.66,-0.0026032200000000003,-0.034140947058823534,-0.001854165155636666,-0.03350004046983432,-0.0007490548443633343,-0.0006409065889892152
3513.55,-0.002656393529411765,-0.03391281764705882,-0.0017754348249511835,-0.03334342483280363,-0.0008809587044605813,-0.000569392814255193
3514.45,-0.002677694705882353,-0.03363618823529411,-0.0016981317682556005,-0.03318524185280532,-0.0009795629376267525,-0.0004509463824887913
3515.34,-0.002656262941176471,-0.033323705882352936,-0.0016239506619112733,-0.033029010139826905,-0.0010323122792651976,-0.0002946957425260313
3516.23,-0.002586877764705883,-0.03299101176470588,-0.001551998134621923,-0.03287297504244675,-0.0010348796300839599,-0.00011803672225912942
3517.13,-0.002470516823529412,-0.032653870588235295,-0.00148148243724131,-0.032715391384653236,-0.0009890343862881022,6.152079641794095e-05
3518.02,-0.0023142447058823526,-0.03232675294117647,-0.0014139509155082506,-0.032559766275422314,-0.000900293790374102,0.00023301333424584347
3518.92,-0.0021292960588235295,-0.03201998823529412,-0.001347867085515757,-0.0324026084567004,-0.0007814289733077725,0.0003826202214062824
3519.81,-0.0019287164705882355,-0.03173860588235294,-0.0012846818007640384,-0.032247416764624885,-0.0006440346698241971,0.0005088108822719484
3520.7,-0.0017247861764705886,-0.03148238235294117,-0.0012236320284996808,-0.03209245075901799,-0.0005011541479709078,0.0006100684060768163
3521.6,-0.0015268884117647064,-0.031246982352941176,-0.001164051847160455,-0.03193598075979618,-0.00036283656460425143,0.0006889984068550042
3522.49,-0.0013402281764705887,-0.031025876470588236,-0.0011072501452117104,-0.031781492060646635,-0.0002329780312588783,0.0007556155900583991
3523.39,-0.0011656015882352945,-0.030812511764705886,-0.0010519359051390858,-0.031625521891033695,-0.00011366568309620871,0.0008130101263278088
3524.28,-0.0010002231176470591,-0.030602217647058824,-0.000999324685108501,-0.03147154557587578,-8.984325385581835e-07,0.000869327928816957
3525.18,-0.0008392601764705882,-0.030393488235294117,-0.0009482210389972419,-0.03131611300530194,0.00010896086252665368,0.0009226247700078218
3526.07,-0.0006778115294117646,-0.03018828235294118,-0.0008997482579243609,-0.031162688678707556,0.00022193672851259633,0.0009744063257663763
3526.97,-0.0005127258588235294,-0.0299914,-0.0008528051383095072,-0.031007836020792424,0.00034007927948597773,0.0010164360207924224
3527.86,-0.0003438877411764706,-0.02980904705882353,-0.0008084236686195667,-0.03085500775103623,0.0004645359274430961,0.001045960692212699
3528.76,-0.00017459427058823525,-0.029646958823529416,-0.0007655956863396249,-0.030700781806625287,0.0005910014157513897,0.0010538229830958715
3529.65,-1.0975447058823518e-05,-0.02950858823529412,-0.0007252627526833106,-0.03054859807687823,0.0007142873056244871,0.0010400098415841094
3530.55,0.00013949220000000003,-0.029393805882352943,-0.0006865086561532181,-0.030395050092663384,0.0008260008561532181,0.001001244210310441
3531.44,0.0002699305529411765,-0.029298588235294118,-0.0006501853261466733,-0.030243563768228128,0.0009201158790878498,0.0009449755329340101
3532.34,0.00037594843529411767,-0.02921574705882353,-0.0006154675092620677,-0.030090749412056934,0.0009914159445561853,0.0008750023532334041
3533.23,0.00045699102352941183,-0.029137317647058823,-0.0005831182268695144,-0.0299400177243723,0.0010401092503989262,0.0008027000773134785
3534.13,0.0005165706117647059,-0.029056029411764706,-0.0005524022749276725,-0.029787997077586212,0.0010689728866923784,0.0007319676658215056
3535.03,0.0005614574941176471,-0.028966129411764706,-0.0005236863199389705,-0.029636399594248377,0.0010851438140566175,0.0006702701824836711
3535.92,0.0006001734352941177,-0.028865664705882352,-0.0004972486910958807,-0.029486919191577848,0.0010974221263899983,0.0006212544856954959
3536.82,0.0006409807294117647,-0.028756958823529414,-0.00047248795656051104,-0.029336214031932328,0.0011134686859722758,0.0005792552084029137
3537.72,0.0006899170823529412,-0.028646082352941176,-0.0004497050879606782,-0.029185984145366516,0.0011396221703136194,0.0005399017924253395
3538.61,0.0007492235529411765,-0.02854144705882353,-0.00042911362770571223,-0.029037909054522734,0.0011783371806468887,0.0004964619956992038
3539.51,0.000816616905882353,-0.028451876470588236,-0.000410244223063853,-0.028888680195627712,0.001226861128946206,0.00043680372503947587
3540.4,0.0008854763176470589,-0.028384488235294113,-0.0003935098523468936,-0.028741633013537493,0.0012789861699939525,0.0003571447782433797
3541.3,0.0009459624941176473,-0.028342847058823527,-0.0003785281876162951,-0.02859348318870469,0.0013244906817339423,0.0002506361298811634
3542.2,0.0009868907647058824,-0.028325794117647057,-0.00036549192724473506,-0.0284459068146432,0.0013523826919506175,0.00012011269699614344
3543.09,0.0009979722352941177,-0.028327176470588234,-0.0003545076600314226,-0.028300555146166292,0.0013524798953255402,-2.6621324421941678e-05
3543.99,0.0009719625882352943,-0.02833665294117647,-0.0003453226160395961,-0.02815418371971327,0.0013172852042748905,-0.00018246922146319955
3544.89,0.0009062609647058824,-0.028341388235294116,-0.00033806505443822506,-0.028008451713855225,0.0012443260191441075,-0.000332936521438891
3545.79,0.0008035662000000001,-0.028328329411764705,-0.0003327290923778948,-0.027863382405666444,0.001136295292377895,-0.00046494700609826106
3546.68,0.0006713932588235295,-0.028286482352941174,-0.00032933635990953865,-0.02772060007728644,0.0010007296187330682,-0.0005658822756547353
3547.58,0.0005206834941176472,-0.028208688235294117,-0.00032780478800866256,-0.027576920416371782,0.0008484882821263097,-0.0006317678189223346
3548.48,0.0003637593764705884,-0.02809179411764706,-0.0003281772073364927,-0.027433976703354335,0.000691936583807081,-0.0006578174142927232
3549.38,0.00021230172941176477,-0.02793718823529412,-0.00033044762747392855,-0.02729179469419838,0.0005427493568856933,-0.0006453935410957387
3550.27,7.571231764705885e-05,-0.027751023529411768,-0.00033455334162461534,-0.02715196739561656,0.0004102656592716742,-0.0005990561337952081
3551.17,-4.004427058823528e-05,-0.027541841176470593,-0.0003405804575924214,-0.027011379398378818,0.0003005361870041861,-0.0005304617780917745
3552.07,-0.0001327592117647059,-0.02731894117647059,-0.0003484869748898214,-0.0268716338902455,0.00021572776312511548,-0.0004473072862250897
3552.97,-0.00020358997647058823,-0.02709084705882353,-0.0003582663377270149,-0.02673275918793241,0.00015467636125642668,-0.0003580878708911196
3553.87,-0.00025613297647058826,-0.026864270588235296,-0.0003699117708660417,-0.02659478426096019,0.00011377879439545342,-0.00026948632727510566
3554.77,-0.00029517862352941175,-0.026643529411764708,-0.00038341624668150316,-0.026457738735068563,8.823762315209141e-05,-0.0001857906766961452
3555.66,-0.00032548979999999993,-0.02643065882352941,-0.0003985916811508345,-0.0263231595754702,7.310188115083459e-05,-0.00010749924805920907
3556.56,-0.00035078132941176467,-0.026225999999999996,-0.0004157715325567657,-0.026188053187749916,6.499020314500105e-05,-3.79468122500802e-05
3557.46,-0.00037322679999999994,-0.026029141176470583,-0.00043478757612491347,-0.026053968685294422,6.156077612491352e-05,2.48275088238388e-05
3558.36,-0.0003935035647058823,-0.0258399294117647,-0.00045563143003105196,-0.02592093833192686,6.212786532516968e-05,8.100892016215874e-05
3559.26,-0.00041134470588235285,-0.025659217647058818,-0.0004782942807917528,-0.02578899505370712,6.694957490939994e-05,0.0001297774066483029
3560.16,-0.00042640690588235285,-0.025489170588235292,-0.0005027668442228432,-0.025658172437218952,7.635993834049034e-05,0.00016900184898365964
3561.06,-0.0004391541411764705,-0.025333,-0.0005290393253795773,-0.02552850472660723,8.988518420310676e-05,0.00019550472660722837
3561.96,-0.00045144272941176464,-0.025194294117647058,-0.0005571013774409202,-0.02540002681927951,0.00010565864802915552,0.00020573270163245366
3562.86,-0.00046669943529411754,-0.025076123529411767,-0.0005869420596037006,-0.02527277426011146,0.00012024262430958304,0.0001966507306996948
3563.75,-0.0004896423764705882,-0.024980123529411764,-0.0006181889330385722,-0.025148176070196128,0.00012854655656798397,0.0001680525407843636
3564.65,-0.0005255859058823529,-0.024905870588235294,-0.0006515320328083673,-0.025023468762570552,0.00012594612692601434,0.00011759817433525804
3565.55,-0.0005795541411764706,-0.024850629411764705,-0.0006866170890096948,-0.024900096820580673,0.00010706294783322423,4.9467408815968145e-05
3566.45,-0.0006556420235294118,-0.02480956470588235,-0.0007234303534045867,-0.02477809828044257,6.778832987517486e-05,-3.1466425439777984e-05
3567.35,-0.0007558262588235294,-0.024776194117647057,-0.0007619572597817428,-0.024657511770405486,6.131000958213475e-06,-0.00011868234724157073
3568.25,-0.0008796256117647059,-0.02474325294117647,-0.0008021823766776364,-0.024538376493365207,-7.744323508706956e-05,-0.00020487644781126343
3569.15,-0.0010241321411764706,-0.024703600000000003,-0.0008440893595194744,-0.024420732207053982,-0.00018004278165699612,-0.0002828677929460205
3570.05,-0.0011843424352941177,-0.02465107647058824,-0.0008876609022451403,-0.02430461920168289,-0.0002966815330489774,-0.0003464572689053508
3570.95,-0.0013537730235294119,-0.024581117647058826,-0.0009328786885741383,-0.024190078274874342,-0.0004208943349552736,-0.0003910393721844839
3571.85,-0.001525186905882353,-0.02449108235294118,-0.0009797233430340687,-0.02407715070377045,-0.0005454635628482844,-0.0004139316491707304
3572.75,-0.0016913218470588237,-0.02438028823529412,-0.0010281743819127763,-0.023965878214158562,-0.0006631474651460473,-0.00041441002113555905
3573.66,-0.0018454799647058826,-0.024249800000000005,-0.0010787749345073903,-0.02385509513709506,-0.0007667050301984923,-0.0003947048629049446
3574.56,-0.001981963823529412,-0.024102111764705884,-0.0011303898350098227,-0.023747279179967773,-0.0008515739885195893,-0.00035483258473811147
3575.46,-0.002096273529411765,-0.023940770588235297,-0.0011835422563659327,-0.023641246295601243,-0.0009127312730458322,-0.0002995242926340548
3576.36,-0.0021852097647058824,-0.023770111764705885,-0.001238206781439073,-0.0235370396349136,-0.0009470029832668095,-0.0002330721297922854
3577.26,-0.0022469164705882353,-0.023594982352941177,-0.0012943566444929323,-0.023434702593747057,-0.000952559826095303,-0.00016027975919412005
3578.16,-0.002280914705882353,-0.023420552941176467,-0.0013519636858788085,-0.02333427876168275,-0.0009289510200035447,-8.62741794937158e-05
3579.06,-0.0022881258823529414,-0.023252094117647056,-0.001410998308218263,-0.02323581186715894,-0.0008771275741346783,-1.6282250488115768e-05
3579.96,-0.0022708841176470587,-0.023094747058823528,-0.0014714294343845303,-0.023139345718842665,-0.0007994546832625284,4.459866001913643e-05
3580.86,-0.0022329335294117643,-0.022953170588235296,-0.001533224467574953,-0.02304492414322423,-0.0006997090618368112,9.175355498893326e-05
3581.76,-0.002179010588235294,-0.02283116470588235,-0.0015963492538447629,-0.022952590918420508,-0.0005826613343905313,0.00012142621253815808
3582.67,-0.002115034705882353,-0.022731388235294116,-0.0016614909414052205,-0.022861399608510677,-0.00045354376447713247,0.00013001137321656114
3583.57,-0.0020476505882352945,-0.022655041176470585,-0.001727180119688552,-0.02277339828784714,-0.0003204704685467424,0.0001183571113765533
3584.47,-0.0019836217647058825,-0.02260170588235294,-0.0017940864727452363,-0.02268761612204106,-0.0001895352919606462,8.591023968811812e-05
3585.37,-0.001929318235294118,-0.02256935294117647,-0.0018621692859965712,-0.022604095954794186,-6.714894929754677e-05,3.474301361771487e-05
3586.28,-0.0018901788235294117,-0.02255454705882353,-0.0019321614315829288,-0.02252199089967932,4.198260805351713e-05,-3.2556159144211255e-05
3587.18,-0.0018703729411764707,-0.02255277647058824,-0.0020024800815068742,-0.022443147733809378,0.00013210714033040356,-0.00010962873677886065
3588.08,-0.0018725470588235294,-0.022558888235294117,-0.002073842302821088,-0.022366692585722363,0.00020129524399755848,-0.0001921956495717532
3588.98,-0.0018977576470588235,-0.022567523529411767,-0.0021462005124954983,-0.0222926660113017,0.0002484428654366748,-0.0002748575181100686
3589.88,-0.0019454864705882352,-0.02257358823529412,-0.0022195054055116356,-0.022221107762594016,0.0002740189349234004,-0.0003524804727001035
3590.79,-0.0020135741176470585,-0.022572823529411763,-0.002294535248226313,-0.0221513036828918,0.0002809611305792546,-0.0004215198465199639
3591.69,-0.0020991558823529413,-0.022561452941176466,-0.0023695878177116964,-0.022084826122319125,0.0002704319353587551,-0.0004766268188573404
3592.59,-0.002198551764705883,-0.02253666470588235,-0.0024454283292057355,-0.022020930736470268,0.0002468765644998527,-0.0005157339694120827
3593.5,-0.002307538235294118,-0.022496694117647056,-0.002522855426834078,-0.02195898702744387,0.00021531719153996013,-0.000537707090203187
3594.4,-0.0024215964705882353,-0.022440882352941175,-0.0026001092096864663,-0.021900390930571067,0.000178512739098231,-0.0005404914223701082
3595.3,-0.002536168235294118,-0.02236963529411765,-0.002677977327017928,-0.02184447993982155,0.0001418090917238101,-0.0005251553542960988
3596.2,-0.002646885294117647,-0.02228444117647059,-0.002756399035097311,-0.021791285351440606,0.0001095137409796638,-0.0004931558250299839
3597.11,-0.0027498129411764704,-0.02218778823529412,-0.002836191484962438,-0.02174029185146186,8.637854378596745e-05,-0.00044749638383225973
3598.01,-0.0028416999999999995,-0.022083076470588235,-0.002915536849021507,-0.021692648419739887,7.383684902150748e-05,-0.00039042805084834806
3598.92,-0.0029202141176470583,-0.021974435294117647,-0.0029961319362827813,-0.02164732313249527,7.591781863572301e-05,-0.00032711216162237614
3599.82,-0.0029841588235294115,-0.021866488235294117,-0.003076138767326694,-0.021605336672464916,9.197994379728236e-05,-0.00026115156282920104
3600.72,-0.0030336152941176464,-0.021764047058823528,-0.003156373972061176,-0.021566197682157284,0.0001227586779435296,-0.00019784937666624328
3601.63,-0.0030700229411764696,-0.0216717,-0.003237663354034518,-0.02152953962574051,0.00016764041285804825,-0.00014216037425949027
3602.53,-0.0030961076470588226,-0.02159344117647059,-0.003318150708887875,-0.02149618653313224,0.0002220430618290522,-9.725464333834935e-05
3603.44,-0.0031156658823529404,-0.021532235294117647,-0.003399553234282048,-0.021465413636772363,0.0002838873519291074,-6.6821657345284e-05
3604.34,-0.003133228235294117,-0.021489694117647055,-0.0034800108956084966,-0.021437911202592686,0.00034678266031437947,-5.17829150543693e-05
3605.24,-0.0031536441176470585,-0.021465829411764708,-0.003560347476682337,-0.021413336476838726,0.0004067033590352785,-5.249293492598159e-05
3606.15,-0.0031817923529411764,-0.021458800000000004,-0.0036413810608424894,-0.021391474868903526,0.000459588707901313,-6.732513109647745e-05
3607.05,-0.003221368235294118,-0.021465676470588235,-0.003721258827785703,-0.021372813939230014,0.0004998905924915851,-9.286253135822042e-05
3607.96,-0.0032748264705882357,-0.021482499999999998,-0.003801682937225871,-0.02135694386028017,0.0005268564666376352,-0.00012555613971982835
3608.86,-0.0033431252941176475,-0.0215048,-0.00388081418885575,-0.02134421593908931,0.0005376888947381023,-0.0001605840609106915
3609.77,-0.003425684117647059,-0.021528182352941173,-0.0039603387330009844,-0.021334347616496267,0.0005346546153539252,-0.00019383473644490543
3610.67,-0.0035206017647058823,-0.021548882352941175,-0.004038438063269886,-0.02132755388205424,0.0005178362985640036,-0.00022132847088693341
3611.58,-0.0036250264705882354,-0.021564164705882353,-0.004116776695083848,-0.021323679710667873,0.0004917502244956126,-0.0002404849952144794
3612.48,-0.0037357011764705883,-0.021572529411764706,-0.004193563817603358,-0.02132280425733577,0.00045786264113277,-0.00024972515442893417
3613.39,-0.0038494852941176475,-0.021573658823529414,-0.004270436796612059,-0.02132490008331617,0.00042095150249441167,-0.0002487587402132431
3614.29,-0.0039637641176470595,-0.021568164705882353,-0.004345639356005421,-0.02132991152770786,0.00038187523835836196,-0.0002382531781744933
3615.2,-0.004076665294117648,-0.021557164705882353,-0.004420776340012433,-0.02133793862870955,0.00034411104589478474,-0.00021922607717280232
3616.11,-0.004187047647058824,-0.021541882352941175,-0.004494942089504729,-0.021348929265622537,0.00030789444244590496,-0.0001929530873186376
3617.01,-0.004294248235294119,-0.021523335294117648,-0.004567275222471161,-0.021362700254340478,0.00027302698717704237,-0.0001606350397771704
3617.92,-0.00439770705882353,-0.021502235294117652,-0.004639321977294994,-0.021379542802584462,0.00024161491847146405,-0.00012269249153318978
3618.82,-0.0044966400000000005,-0.021479147058823533,-0.004709440564762394,-0.021399071507667997,0.00021280056476239307,-8.007555115553677e-05
3619.73,-0.00458985705882353,-0.02145485294117647,-0.004779132005897979,-0.021421704528331163,0.00018927494707444894,-3.314841284530676e-05
3620.64,-0.004675827647058824,-0.02143075882352941,-0.004847555173532975,-0.021447224906518507,0.0001717275264741516,1.6466082989097935e-05
3621.54,-0.004753055294117648,-0.021409217647058824,-0.00491392664493178,-0.02147528943848188,0.00016087135081413202,6.607179142305644e-05
3622.45,-0.004820586470588235,-0.021393594117647057,-0.004979670549277933,-0.021506506972824885,0.0001590840786896983,0.00011291285517782759
3623.35,-0.004878532352941176,-0.021388035294117643,-0.005043293980496867,-0.021540177903359183,0.00016476162755569082,0.0001521426092415401
3624.26,-0.004928465882352941,-0.021396952941176467,-0.0051061641124370985,-0.02157703828856851,0.0001776982300841579,0.00018008534739204218
3625.17,-0.004973542352941176,-0.021424323529411766,-0.005167520921910553,-0.02161671929145737,0.00019397856896937685,0.00019239576204560516
3626.08,-0.005018270588235294,-0.021472958823529415,-0.005227320955097893,-0.021659213062141146,0.00020905036686259901,0.00018625423861173135
3626.98,-0.005068004117647059,-0.02154388823529412,-0.005284891530766484,-0.02170400163212955,0.00021688741311942476,0.00016011339683542902
3627.89,-0.005128163529411765,-0.021635994117647064,-0.005341471636992251,-0.021752078849957328,0.0002133081075804859,0.00011608473231026345
3628.8,-0.005203338235294118,-0.02174599411764706,-0.0053963728640864335,-0.02180296496010553,0.00019303462879231587,5.697084245847098e-05
3629.7,-0.005296447058823529,-0.021868823529411767,-0.005448980807350953,-0.02185606144230321,0.00015253374852742477,-1.2762087108555975e-05
3630.61,-0.005408075294117647,-0.021998358823529414,-0.0055004253438829896,-0.021912560027708073,9.235004976534261e-05,-8.57987958213409e-05
3631.52,-0.005536174117647058,-0.02212840588235294,-0.005550072188607786,-0.021971903638885317,1.389807096072778e-05,-0.00015650224346762387
3632.43,-0.0056762876470588235,-0.022254582352941178,-0.0055978797119190776,-0.022034115678418877,-7.840793513974598e-05,-0.00022046667452230162
3633.33,-0.005822235294117647,-0.022373935294117648,-0.005643309831714619,-0.02209849466390017,-0.0001789254624030281,-0.0002754406302174772
3634.24,-0.005967208823529411,-0.022485776470588234,-0.005687325642453021,-0.02216650769715033,-0.00027988318107638986,-0.000319268773437905
3635.15,-0.006105016470588235,-0.02259185294117647,-0.0057293609549731025,-0.022237499543817367,-0.0003756555156151321,-0.0003543533973591022
3636.06,-0.006231151176470587,-0.022695764705882356,-0.0057693595299284015,-0.02231152201277324,-0.0004617916465421857,-0.00038424269310911516
3636.97,-0.0063434282352941174,-0.022801958823529412,-0.005807258589576598,-0.022388634905830967,-0.0005361696457175198,-0.0004133239176984452
3637.88,-0.006442119999999999,-0.02291463529411765,-0.0058429873959688055,-0.02246890621744976,-0.0005991326040311936,-0.00044572907666788966
3638.78,-0.006529578235294118,-0.02303673529411765,-0.005876110336411845,-0.022551476702477674,-0.0006534678988822729,-0.0004852585916399754
3639.69,-0.006609497647058823,-0.02316926470588235,-0.0059072728604514894,-0.022638264963862266,-0.0007022247866073335,-0.000530999742020085
3640.6,-0.006686011176470588,-0.02331097058823529,-0.005935989917272076,-0.022728463940733058,-0.0007500212591985116,-0.0005825066475022324
3641.51,-0.0067627352941176475,-0.023458447058823526,-0.005962141853301747,-0.022822173752945367,-0.0008005934408159008,-0.0006362733058781593
3642.42,-0.006841920588235294,-0.023606588235294115,-0.005985591658925389,-0.022919501544301137,-0.000856328929309905,-0.0006870866909929781
3643.33,-0.006923844117647058,-0.02374934117647059,-0.006006182609549262,-0.023020560586720435,-0.0009176615080977958,-0.0007287805897501533
3644.24,-0.007006516470588235,-0.023880664705882352,-0.006023735759112472,-0.023125469065124398,-0.0009827807114757628,-0.0007551956407579538
3645.15,-0.007085797647058823,-0.02399555882352941,-0.0060380473021588305,-0.023234348490034896,-0.0010477503448999923,-0.000761210333494515
3646.06,-0.007155934705882352,-0.02409095294117647,-0.006048885829199,-0.023347321679301435,-0.001107048876683352,-0.0007436312618750336
3646.96,-0.00721044588235294,-0.02416630588235294,-0.006055932775500612,-0.02346319912327432,-0.0011545131068523284,-0.0007031067590786214
3647.87,-0.0072431523529411755,-0.024222964705882352,-0.006059052541197437,-0.02358467217139311,-0.0011840998117437383,-0.0006382925344892432
3648.78,-0.007249189411764705,-0.024265111764705884,-0.0060578150808844365,-0.023710586121667057,-0.0011913743308802687,-0.0005545256430388272
3649.69,-0.007225686470588235,-0.024298723529411766,-0.006051850977388323,-0.023841038064719624,-0.0011738354931999121,-0.00045768546469214175
3650.6,-0.007172080588235295,-0.024330452941176473,-0.006040749691079701,-0.023976107546249296,-0.0011313308971555936,-0.00035434539492717673
3651.51,-0.007090015294117648,-0.02436669411764706,-0.006024057496067488,-0.024115850538276404,-0.00106595779805016,-0.0002508435793706562
3652.42,-0.006982956470588235,-0.024412841176470593,-0.006001275949080939,-0.024260292516254386,-0.000981680521507296,-0.00015254866021620697
3653.33,-0.00685560411764706,-0.024472747058823532,-0.005971861086764112,-0.02440942060904623,-0.0008837430308829483,-6.332644977730117e-05
3654.24,-0.006713217647058824,-0.024548441176470592,-0.005935223580676868,-0.024563174817553133,-0.0007779940663819561,1.4733641082540633e-05
3655.15,-0.006560891176470589,-0.024640070588235297,-0.0058907301124102324,-0.024721438337933017,-0.0006701610640603567,8.136774969771943e-05
3656.06,-0.0064028947058823536,-0.024746129411764708,-0.0058377062612720585,-0.02488402707870455,-0.0005651884446102951,0.00013789766693984157
3656.97,-0.006242154705882352,-0.02486393529411765,-0.005775441220262605,-0.025050678529137498,-0.0004667134856197472,0.00018674323501984696
3657.89,-0.006080008823529412,-0.024990270588235296,-0.005702342483925797,-0.02522293134572913,-0.0003776663396036148,0.00023266075749383414
3658.8,-0.005916304705882353,-0.025122111764705884,-0.00561923162044198,-0.025396582093129987,-0.00029707308544037365,0.00027447032842410277
3659.71,-0.005749856470588235,-0.025257164705882355,-0.005524601782681351,-0.02557291533005717,-0.00022525468790688449,0.00031575062417481606
3660.62,-0.005579112352941177,-0.025394105882352944,-0.005417691669551375,-0.025751239777824345,-0.000161420683389802,0.00035713389547140095
3661.53,-0.005402812941176472,-0.025532452941176474,-0.005297765499260194,-0.02593073240662249,-0.00010504744191627748,0.00039827946544601645
3662.44,-0.005220444705882354,-0.025672082352941182,-0.005164134386576387,-0.02611043230579118,-5.6310319305966604e-05,0.0004383499528499979
3663.35,-0.005032302941176472,-0.025812647058823534,-0.0050161806098586725,-0.02628923790708934,-1.6122331317799075e-05,0.00047659084826580725
3664.26,-0.004839212352941177,-0.02595309411764706,-0.00485338431149914,-0.026465908491546477,1.4171958557963361e-05,0.0005128143738994152
3665.18,-0.004642049411764706,-0.02609148823529412,-0.0046733098142940225,-0.026640948825170513,3.126040252931627e-05,0.0005494605898763924
3666.09,-0.004440827058823529,-0.02622543529411765,-0.00447963229026351,-0.026809046452606712,3.880523143998116e-05,0.0005836111584890634
3667.0,-0.0042345911764705875,-0.026352317647058823,-0.004270426310868075,-0.026970531561230415,3.583513439748762e-05,0.000618213914171592
3667.91,-0.004022048823529411,-0.02646939411764706,-0.004045849527859048,-0.027123735743743216,2.3800704329637185e-05,0.0006543416260961568
3668.82,-0.003801340588235293,-0.026574700000000003,-0.0038062916374673565,-0.027266949516764297,4.951049232063305e-06,0.0006922495167642935
3669.74,-0.003570575529411764,-0.0266673,-0.0035495237203285956,-0.027399835230526453,-2.1051809083168314e-05,0.0007325352305264515
3670.65,-0.003328420764705882,-0.026747211764705882,-0.003282031554491043,-0.027517819409174808,-4.6389210214839004e-05,0.0007706076444689257
3671.56,-0.0030744924529411757,-0.026814958823529408,-0.003002254182202151,-0.027620834217430796,-7.223827073902459e-05,0.0008058753939013882
3672.47,-0.0028094095117647054,-0.026870964705882353,-0.002711588662347263,-0.027707437078360098,-9.78208494174424e-05,0.0008364723724777444
3673.39,-0.0025344083352941173,-0.026915070588235293,-0.002408313905865929,-0.027777023914843806,-0.0001260944294281881,0.0008619533266085132
3674.3,-0.002250699688235294,-0.026946388235294116,-0.0021008509509840546,-0.027827039455018118,-0.0001498487372512394,0.0008806512197240025
3675.21,-0.001958910511764706,-0.026963699999999993,-0.0017879128206932523,-0.027857567470672032,-0.00017099769107145374,0.0008938674706720391
3676.12,-0.0016588819823529415,-0.026966070588235292,-0.0014715623991157147,-0.027868121223888046,-0.00018731958323722677,0.0009020506356527541
3677.04,-0.0013499866882352943,-0.026953482352941177,-0.0011504207596288935,-0.027858296018676496,-0.00019956592860640083,0.0009048136657353184
3677.95,-0.0010317231,-0.026927111764705882,-0.0008335929949218536,-0.027828422931387705,-0.0001981301050781464,0.000901311166681823
3678.86,-0.0007043578058823528,-0.026889176470588236,-0.0005196355197750762,-0.02777891681567517,-0.00018472228610727655,0.0008897403450869347
3679.78,-0.00036935486470588216,-0.02684249411764706,-0.00020711871860301854,-0.02770960678145537,-0.00016223614610286362,0.0008671126638083101
3680.69,-2.94854529411763e-05,-0.026789870588235294,9.536653872729875e-05,-0.027622935797940465,-0.00012485199166847505,0.0008330652097051708
3681.6,0.0003109469000000001,-0.02673328823529412,0.0003896546383147264,-0.027519388165972387,-7.870773831472632e-05,0.000786099930678269
3682.52,0.0006467145470588235,-0.026673676470588235,0.0006774364991002663,-0.027398873285124654,-3.07219520414428e-05,0.0007251968145364183
3683.43,0.0009728639588235294,-0.026611129411764706,0.0009512942499779554,-0.027265445530202045,2.1569708845573963e-05,0.0006543161184373383
3684.34,0.001284807488235294,-0.02654450588235294,0.0012134944788499238,-0.027119377339615395,7.131300938537023e-05,0.0005748714572624547
3685.26,0.0015789400764705881,-0.02647165294117647,0.0014660265326607454,-0.026960421167483893,0.00011291354380984272,0.0004887682263074247
3686.17,0.0018531194294117645,-0.026389888235294118,0.001702932209829773,-0.026793581074500018,0.00015018721958199146,0.00040369283920589985
3687.09,0.0021068840588235292,-0.026296700000000003,0.0019291536505474044,-0.026616726883781232,0.0001777304082761248,0.0003200268837812298
3688.0,0.0023412964117647058,-0.026190505882352944,0.002139699524286567,-0.02643515642098143,0.0002015968874781388,0.00024465053862848807
3688.92,0.0025583611176470586,-0.026071217647058827,0.002339289305806645,-0.026246269909358192,0.00021907181184041384,0.00017505226229936471
3689.83,0.002760187176470588,-0.02594042352941177,0.002523814861992181,-0.026055446284978294,0.00023637231447840718,0.00011502275556652536
3690.74,0.0029481621176470586,-0.02580102352941177,0.002695860445391154,-0.025861812789777037,0.0002523016722559045,6.0789260365266135e-05
3691.66,0.0031224294705882354,-0.025656529411764706,0.0028575536895928777,-0.025664258057744624,0.0002648757809953577,7.728645979917376e-06
3692.57,0.0032818312352941178,-0.025510135294117647,0.003005888729688486,-0.0254680135160739,0.00027594250560563196,-4.2121778043746616e-05
3693.49,0.0034242547058823533,-0.02536399411764706,0.0031446941988026024,-0.025269601759193554,0.0002795605070797509,-9.439235845350516e-05
3694.41,0.0035472476470588235,-0.025218735294117643,0.0032728852173118422,-0.0250719080751942,0.0002743624297469813,-0.00014682721892344403
3695.32,0.003648726470588235,-0.025073294117647055,0.003389856060481946,-0.024877683436631794,0.0002588704101062892,-0.00019561068101526038
3696.24,0.0037276541176470587,-0.02492508823529412,0.0034988059414006656,-0.024683182577194106,0.00022884817624639316,-0.00024190565810001258
3697.15,0.0037846176470588237,-0.024770364705882356,0.0035979818097767375,-0.02449306221767554,0.0001866358372820862,-0.00027730248820681536
3698.07,0.0038222123529411765,-0.024604852941176474,0.0036901755693113762,-0.02430349846208898,0.00013203678362980024,-0.0003013544790874921
3698.98,0.0038451864705882355,-0.024424517647058826,0.0037739680093294824,-0.024118891092717566,7.121846125875304e-05,-0.0003056265543412602
3699.9,0.003860366470588235,-0.02422622941176471,0.0038517709328534802,-0.023935402367925945,8.595537734754858e-06,-0.0002908270438387664
3700.81,0.003876224705882353,-0.02400842352941177,0.003922428601793287,-0.0237571828632371,-4.620389591093342e-05,-0.0002512406661746673
3701.73,0.0039015558823529417,-0.023772464705882356,0.0039880085320763,-0.02358043158327529,-8.645264972335833e-05,-0.00019203312260706457
3702.65,0.003944659411764706,-0.02352244117647059,0.004048189341857183,-0.023407200530397573,-0.00010352993009247677,-0.0001152406460730171
3703.56,0.004012125882352942,-0.023264935294117647,0.00410285355852287,-0.023239354195415535,-9.072767616992872e-05,-2.558109870211267e-05
3704.48,0.0041077764705882355,-0.023008317647058824,0.004153626053697906,-0.023073212967171707,-4.584958310967051e-05,6.489532011288296e-05
3705.4,0.00423198705882353,-0.022761558823529413,0.0042002774105569015,-0.02291062501297824,3.17096482666283e-05,0.00014906618944882793
3706.31,0.004381622941176471,-0.02253285882352941,0.004242728527511993,-0.022753264092841567,0.0001388944136644782,0.00022040526931215582
3707.23,0.004550604117647059,-0.022328411764705885,0.004282249882391299,-0.022597618702575123,0.00026835423525576035,0.00026920693786923813
3708.15,0.004730965294117648,-0.02215159411764706,0.004318669528796955,-0.02244536993448529,0.0004122957653206931,0.00029377581683823206
3709.06,0.0049141141176470594,-0.022002729411764704,0.004351925796167195,-0.02229804096474979,0.0005621883214798644,0.0002953115529850843
3709.98,0.005091973529411765,-0.021879417647058825,0.004383013554559478,-0.022152308035539515,0.0007089599748522869,0.0002728903884806899
3710.9,0.005257796470588235,-0.02177727647058824,0.004411797430515804,-0.022009715084902102,0.0008459990400724315,0.00023243861431386167
3711.81,0.005406578235294118,-0.021690788235294124,0.00443822243279795,-0.021871665293242845,0.0009683558024961682,0.00018087705794872164
3712.73,0.005535078235294118,-0.021614194117647062,0.004463073958824705,-0.021735024553766472,0.001072004276469413,0.00012083043611941027
3713.65,0.005641561176470589,-0.02154214705882353,0.004486240334557002,-0.021601223185781768,0.001155320841913587,5.9076126958237246e-05
3714.57,0.0057253452941176475,-0.021470223529411765,0.004507895660609164,-0.021470156950837895,0.0012174496335084833,-6.657857386932475e-08
3715.48,0.005786213529411765,-0.02139521764705882,0.004527985901995777,-0.021343103478073003,0.0012582276274159887,-5.211416898581733e-05
3716.4,0.005823871764705882,-0.021315247058823525,0.004547098389150221,-0.02121716687229392,0.0012767733755556614,-9.808018652960465e-05
3717.32,0.0058381299999999995,-0.02122870588235294,0.004565140767992944,-0.021093653616851837,0.0012729892320070555,-0.00013505226550110383
3718.24,0.0058285294117647055,-0.02113434705882353,0.004582237954397187,-0.020972460856294582,0.001246291457367519,-0.00016188620252894845
3719.15,0.005794495882352942,-0.021030911764705885,0.004598332588900131,-0.020854768541585453,0.0011961632934528107,-0.00017614322312043199
3720.07,0.005735694705882353,-0.020916829411764707,0.0046138843049307685,-0.020737890553718025,0.0011218104009515844,-0.00017893885804668233
3720.99,0.005652513529411766,-0.020790152941176473,0.004628811171958883,-0.020623033041899396,0.0010237023574528829,-0.0001671198992770767
3721.91,0.005546550000000002,-0.02064872352941176,0.00464320560022123,-0.02051009825154935,0.0009033443997787712,-0.00013862527786241002
3722.83,0.0054209970588235306,-0.02049055294117647,0.004657153934151842,-0.020398989619535995,0.0007638431246716889,-9.156332164047404e-05
3723.75,0.005280805294117648,-0.0203144,0.004670737165041389,-0.020289611604632492,0.0006100681290762593,-2.4788395367507376e-05
3724.67,0.005132547058823531,-0.02012040588235294,0.004684031589897314,-0.020181869458448475,0.00044851546892621646,6.146357609553357e-05
3725.58,0.004983956470588236,-0.019910670588235292,0.004696968186739037,-0.02007681533984422,0.0002869882838491995,0.0001661447516089279
3726.5,0.004843180000000001,-0.019689629411764706,0.004709899361627351,-0.01997204713620008,0.0001332806383726494,0.0002824177244353729
3727.42,0.004717814117647059,-0.019464117647058823,0.0047227476175307655,-0.019868633178842732,-4.933499883706845e-06,0.0004045155317839097
3728.34,0.004613896470588235,-0.019242994117647058,0.004735576140321617,-0.019766478438559724,-0.000121679669733382,0.0005234843209126656
3729.26,0.0045350058823529415,-0.01903639411764706,0.004748446025235915,-0.01966548664013136,-0.00021344014288297332,0.0006290925224843001
3730.18,0.004481680588235294,-0.018854547058823532,0.00476141667714754,-0.01956555964664805,-0.00027973608891224654,0.0007110125878245187
3731.1,0.004451302352941176,-0.01870643529411765,0.004774546170983325,-0.01946659675564574,-0.00032324381804214875,0.0007601614615280888
3732.02,0.004438550588235293,-0.01859844117647059,0.004787891569724169,-0.019368493893719408,-0.0003493409814888755,0.0007700527172488196
3732.94,0.004436401764705882,-0.01853324117647059,0.004801509195259766,-0.019271142693013867,-0.0003651074305538833,0.000737901516543276
3733.86,0.004437540588235294,-0.018509229411764704,0.0048154548445123015,-0.019174429429145375,-0.00037791425627700746,0.000665200017380671
3734.78,0.004435902941176471,-0.018520564705882352,0.004829783939451314,-0.019078233795548846,-0.0003938809982748431,0.0005576690896664932
3735.7,0.0044278676470588234,-0.018558135294117647,0.004844551594649777,-0.018982427483899052,-0.0004166839475909538,0.0004242921897814056
3736.62,0.004413179411764706,-0.018610741176470588,0.004859812579310472,-0.01888687253383454,-0.00044663316754576556,0.0002761313573639533
3737.54,0.004395176470588236,-0.018666611764705885,0.0048756211417306464,-0.01879141940766974,-0.00048044467114241075,0.00012480764296385338
3738.46,0.004380374705882354,-0.018714917647058828,0.0048920306520005225,-0.0186959047368696,-0.0005116559461181688,-1.901291018922835e-05
3739.38,0.004377478823529412,-0.0187470705882353,0.004909093002282369,-0.018600148676679244,-0.0005316141787529574,-0.0001469219115560541
3740.3,0.004395975882352941,-0.018757564705882353,0.004926857681569012,-0.018503951793440925,-0.0005308817992160713,-0.00025361291244142825
3741.22,0.004444478823529412,-0.018744347058823527,0.004945370411191095,-0.018407091395911016,-0.000500891587661683,-0.0003372556629125112
3742.14,0.004529042941176471,-0.01870857058823529,0.004964671185389346,-0.0183093172079207,-0.00043562824421287515,-0.00039925338031459104
3743.06,0.004651738235294117,-0.01865376470588235,0.004984791503674315,-0.01821034626617134,-0.00033305326838019723,-0.00044341843971100817
3743.98,0.004809785882352941,-0.018584529411764705,0.005005750502577396,-0.018109856916328926,-0.000195964620224455,-0.0004746724954357781
3744.91,0.004995601176470587,-0.018504870588235297,0.005027791087973544,-0.018006357146461215,-3.218991150295662e-05,-0.0004985134417740816
3745.83,0.005197908235294118,-0.018416758823529413,0.005050415127487664,-0.017901647309873165,0.00014749310780645414,-0.0005151115136562481
3746.75,0.005403814117647059,-0.01831928823529412,0.00507379548068814,-0.017794140121827885,0.0003300186369589184,-0.000525148113466236
3747.67,0.00560137,-0.018208870588235296,0.005097822932977863,-0.017683276160642934,0.000503547067022137,-0.0005255944275923616
3748.59,0.005781876470588235,-0.018080600000000002,0.0051223192750627375,-0.017568410319558952,0.0006595571955254976,-0.0005121896804410504
3749.51,0.005941148823529412,-0.017930447058823528,0.005147010787999433,-0.017448799751406913,0.0007941380355299789,-0.0004816473074166147
3750.44,0.006079304705882353,-0.017757670588235297,0.005171755060082092,-0.01732219741141896,0.000907549645800261,-0.00043547317681633807
3751.36,0.006199232352941177,-0.017566382352941175,0.00519542727950514,-0.017190347239651495,0.0010038050734360367,-0.00037603511328968
3752.28,0.00630387705882353,-0.017366182352941177,0.0052174596472210465,-0.017050830914642653,0.0010864174116024831,-0.0003153514382985244
3753.2,0.006393405294117648,-0.01717117647058824,0.005236681176360314,-0.01690245360734268,0.0011567241177573339,-0.0002687228632455574
3754.12,0.006463023529411765,-0.0169976,0.005251472476666328,-0.01674395308144169,0.0012115510527454373,-0.0002536469185583125
3755.05,0.006502159411764707,-0.016860558823529413,0.005259666625988773,-0.01657216845115943,0.0012424927857759343,-0.00028839037236998155
3755.97,0.006495315294117648,-0.016770670588235295,0.005258092594095492,-0.016389705513524894,0.0012372227000221562,-0.00038096507471040153
3756.89,0.006424510000000001,-0.016731376470588238,0.005242981613115293,-0.016194135940589903,0.0011815283868847086,-0.0005372405299983347
3757.82,0.006272822352941179,-0.016737570588235294,0.005208895410597993,-0.01598333199097623,0.0010639269423431859,-0.0007542385972590625
3758.74,0.006028288235294119,-0.01677590588235294,0.0051505135485092075,-0.01576351984931012,0.0008777746867849115,-0.0010123860330428225
3759.66,0.005687329411764708,-0.016826741176470587,0.005060840862214665,-0.015536462460083379,0.0006264885495500432,-0.0012902787163872088
3760.58,0.005256917000000001,-0.016867523529411767,0.004933226171729019,-0.015309272254568407,0.0003236908282709819,-0.00155825127484336
3761.51,0.004754903235294119,-0.016876817647058822,0.004760546446412713,-0.015090592845090275,-5.643211118594449e-06,-0.0017862248019685466
3762.43,0.004208313764705884,-0.016838317647058825,0.004545378306008658,-0.014899719450034403,-0.00033706454130277407,-0.0019385981970244225
3763.35,0.0036498272941176465,-0.016743923529411765,0.004291297748053187,-0.014750504855869097,-0.0006414704539355401,-0.001993418673542668
3764.28,0.0031131031764705876,-0.016595205882352946,0.004008028468819156,-0.014656885210300176,-0.0008949252923485681,-0.0019383206720527697
3765.2,0.002627909764705882,-0.016402976470588238,0.003721283678792492,-0.014629438910377436,-0.0010933739140866101,-0.0017735375602108017
3766.12,0.002216045470588235,-0.016184964705882356,0.003450191947281923,-0.0146659591379661,-0.0012341464766936882,-0.001519005567916256
3767.05,0.0018889114705882345,-0.015962129411764708,0.0032116938058275144,-0.014757358487119161,-0.00132278233523928,-0.0012047709246455467
3767.97,0.0016472226470588228,-0.015754435294117648,0.003023198004401997,-0.014884948886473116,-0.0013759753573431741,-0.0008694864076445319
3768.9,0.0014828449999999993,-0.015577094117647058,0.002884460844144626,-0.015032973340627687,-0.0014016158441446265,-0.0005441207770193711
3769.82,0.0013821679411764704,-0.015438164705882353,0.0027952949972475088,-0.015182427244825773,-0.0014131270560710384,-0.00025573746105658074
3770.74,0.0013299873529411766,-0.015338170588235292,0.0027466968475270952,-0.015323547102723547,-0.0014167094945859186,-1.4623485511745457e-05
3771.67,0.0013130138235294118,-0.015271288235294117,0.0027299676773003055,-0.015450837172350499,-0.0014169538537708937,0.000179548937056382
3772.59,0.0013221279411764707,-0.015227782352941177,0.002737088814492624,-0.015558431259652053,-0.0014149608733161532,0.0003306489067108759
3773.52,0.0013531485294117646,-0.015196888235294118,0.0027609920455633763,-0.015648067128072343,-0.0014078435161516117,0.0004511788927782246
3774.44,0.0014062632352941176,-0.0151694,0.0027955560416239814,-0.015718734414856873,-0.0013892928063298639,0.0005493344148568731
3775.37,0.0014844873529411763,-0.015139576470588233,0.0028372790894114794,-0.01577367178432544,-0.001352791736470303,0.0006340953137372075
3776.29,0.001591588588235294,-0.015106094117647057,0.0028822480407096297,-0.015813656229968127,-0.0012906594524743358,0.0007075621123210692
3777.22,0.0017298717647058822,-0.015072023529411763,0.002929307081936598,-0.015841545684949426,-0.0011994353172307159,0.0007695221555376625
3778.14,0.001898224764705882,-0.015043752941176469,0.0029760203782426315,-0.0158585594017862,-0.0010777956135367495,0.0008148064606097304
3779.07,0.002090829470588235,-0.015029082352941175,0.0030224562617622813,-0.015866707655889874,-0.0009316267911740465,0.0008376253029486989
3779.99,0.0022969582941176465,-0.015034694117647058,0.003067029198193258,-0.015867215807553146,-0.0007700709040756116,0.0008325216899060881
3780.92,0.0025021158235294114,-0.015063641176470587,0.003110357163340034,-0.015861306288872563,-0.0006082413398106226,0.0007976651124019761
3781.84,0.0026904848235294113,-0.015113482352941176,0.0031513274178850315,-0.015850114323850507,-0.0004608425943556202,0.0007366319709093318
3782.77,0.002848174117647058,-0.015175870588235293,0.003190759771078562,-0.01583425532368259,-0.00034258565343150407,0.0006583847354472965
3783.7,0.0029663841176470586,-0.015237800000000001,0.003228201980702254,-0.015814548790614658,-0.0002618178630551956,0.0005767487906146573
3784.62,0.0030435558823529406,-0.015284335294117648,0.003263334480762399,-0.01579186289323016,-0.0002197785984094586,0.000507527599112512
3785.55,0.003085892352941176,-0.015302035294117645,0.0032970022025834746,-0.01576620684014831,-0.00021110984964229848,0.00046417154603066446
3786.47,0.0031062382352941174,-0.015281994117647055,0.0033285778487069126,-0.01573854701982358,-0.00022233961341279517,0.0004565529021765234
3787.4,0.003121588823529412,-0.015222047058823527,0.0033588544824651873,-0.01570863496314698,-0.00023726565893577526,0.0004865879043234548
3788.33,0.003150045882352941,-0.015127617647058821,0.0033875900923822262,-0.015677058757420308,-0.00023754421002928532,0.0005494411103614868
3789.25,0.0032078170588235293,-0.015011135294117645,0.003414607924972833,-0.01564443162291214,-0.00020679086614930385,0.0006332963287944936
3790.18,0.003306749411764706,-0.014890441176470585,0.0034406007486886304,-0.015610254908471394,-0.00013385133692392446,0.0007198137320008086
3791.11,0.003452696470588235,-0.01478636470588235,0.003465369095483018,-0.015575055901940953,-1.2672624894783085e-05,0.0007886911960586027
3792.03,0.0036448894117647058,-0.014719935294117645,0.0034887606655501623,-0.01553937895468429,0.00015612874621454345,0.0008194436605666443
3792.96,0.0038763629411764705,-0.014709611764705881,0.0035113735507185037,-0.015502576791329877,0.00036498939045796677,0.000792965026623996
3793.89,0.004135365882352941,-0.014768917647058821,0.0035330320675385513,-0.015465143006864917,0.0006023338148143896,0.0006962253598060963
3794.81,0.004407515882352941,-0.014904888235294117,0.0035535957743494696,-0.015427582396414568,0.000853920108003471,0.0005226941611204509
3795.74,0.004678291764705883,-0.015117617647058825,0.0035735840981779275,-0.015389157936718037,0.0011047076665279556,0.0002715402896592122
3796.67,0.004935364705882354,-0.0154009,0.003592836685019801,-0.01535034376541589,0.0013425280208625525,-5.055623458411103e-05
3797.6,0.005170294117647059,-0.015743835294117648,0.0036114162683130047,-0.015311198553944248,0.0015588778493340547,-0.00043263674017340013
3798.52,0.005379277058823529,-0.016132923529411765,0.0036291908253308783,-0.015272197773167158,0.001750086233492651,-0.0008607257562446066
3799.45,0.005562905882352941,-0.01655418823529412,0.0036466000447686253,-0.015232536183222673,0.0019163058375843154,-0.0013216520520714457
