window_start_cm_1,window_end_cm_1,smoothing_points,model,active_motifs,r2,sse,shift_cm_1,global_sign,points
3200,3800,1,I+VIII,VIII,0.9424863246163276,0.3496456139117886,1,1,673
3200,3800,1,VI+VIII,VI+VIII,0.9442172801255353,0.33912253400716613,-20,1,673
3200,3800,1,I+II+VIII,VIII,0.9424863246163276,0.3496456139117886,1,1,673
3200,3800,1,I+VI+VIII,VI+VIII,0.9442172801255353,0.33912253400716613,-20,1,673
3200,3800,1,I+II+VI+VIII,VI+VIII,0.9442172801255353,0.33912253400716613,-20,1,673
3200,3800,1,I+IV+VI+VIII,VI+VIII,0.9442172801255353,0.33912253400716613,-20,1,673
3200,3800,1,I+VI+VII,VI,0.9210111201760802,0.4802008425648181,-20,1,673
3200,3800,1,I+VI+VII+VIII,VII+VIII,0.9519015403177715,0.29240724665248036,-13,1,673
3200,3800,7,I+VIII,VIII,0.9745718477668311,0.14944962683425142,1,1,673
3200,3800,7,VI+VIII,VI+VIII,0.9763156635413467,0.1392006471058274,-20,1,673
3200,3800,7,I+II+VIII,VIII,0.9745718477668311,0.14944962683425142,1,1,673
3200,3800,7,I+VI+VIII,VI+VIII,0.9763156635413467,0.1392006471058274,-20,1,673
3200,3800,7,I+II+VI+VIII,VI+VIII,0.9763156635413467,0.1392006471058274,-20,1,673
3200,3800,7,I+IV+VI+VIII,VI+VIII,0.9763156635413467,0.1392006471058274,-20,1,673
3200,3800,7,I+VI+VII,VI,0.9522720361503978,0.2805129653729774,-20,1,673
3200,3800,7,I+VI+VII+VIII,VII+VIII,0.9842137988865577,0.0927807039969253,-13,1,673
3200,3800,11,I+VIII,VIII,0.9758249892822296,0.14187913594725865,1,1,673
3200,3800,11,VI+VIII,VI+VIII,0.9775958174848061,0.13148643837100044,-20,1,673
3200,3800,11,I+II+VIII,VIII,0.9758249892822296,0.14187913594725865,1,1,673
3200,3800,11,I+VI+VIII,VI+VIII,0.9775958174848061,0.13148643837100044,-20,1,673
3200,3800,11,I+II+VI+VIII,VI+VIII,0.9775958174848061,0.13148643837100044,-20,1,673
3200,3800,11,I+IV+VI+VIII,VI+VIII,0.9775958174848061,0.13148643837100044,-20,1,673
3200,3800,11,I+VI+VII,VI,0.9535580638389533,0.2725600352848474,-20,1,673
3200,3800,11,I+VI+VII+VIII,VII+VIII,0.9854612913575473,0.08532527427025541,-13,1,673
3200,3800,17,I+VIII,VIII,0.9769574031662535,0.13506224801741162,1,1,673
3200,3800,17,VI+VIII,VI+VIII,0.9788465858704408,0.12398896210332236,-20,1,673
3200,3800,17,I+II+VIII,VIII,0.9769574031662535,0.13506224801741162,1,1,673
3200,3800,17,I+VI+VIII,VI+VIII,0.9788465858704408,0.12398896210332236,-20,1,673
3200,3800,17,I+II+VI+VIII,VI+VIII,0.9788465858704408,0.12398896210332236,-20,1,673
3200,3800,17,I+IV+VI+VIII,VI+VIII,0.9788465858704408,0.12398896210332236,-20,1,673
3200,3800,17,I+VI+VII,VI,0.9549748300909742,0.2639112557128482,-20,1,673
3200,3800,17,I+VI+VII+VIII,VII+VIII,0.9866478040465795,0.07826277630292369,-13,1,673
3200,3800,25,I+VIII,VIII,0.9778320756445321,0.12963539520358813,1,1,673
3200,3800,25,VI+VIII,VI+VIII,0.9796951582248141,0.118740309009729,-20,1,673
3200,3800,25,I+II+VIII,VIII,0.9778320756445321,0.12963539520358813,1,1,673
3200,3800,25,I+VI+VIII,VI+VIII,0.9796951582248141,0.118740309009729,-20,1,673
3200,3800,25,I+II+VI+VIII,VI+VIII,0.9796951582248141,0.118740309009729,-20,1,673
3200,3800,25,I+IV+VI+VIII,VI+VIII,0.9796951582248141,0.118740309009729,-20,1,673
3200,3800,25,I+VI+VII,VI,0.9557259827260837,0.25890920748919605,-20,1,673
3200,3800,25,I+VI+VII+VIII,VII+VIII,0.9872897192961653,0.07432821565830237,-13,1,673
3200,3800,33,I+VIII,VIII,0.9787889993380823,0.1237228213391005,1,1,673
3200,3800,33,VI+VIII,VI+VIII,0.9806357953443884,0.1129505425588632,-20,1,673
3200,3800,33,I+II+VIII,VIII,0.9787889993380823,0.1237228213391005,1,1,673
3200,3800,33,I+VI+VIII,VI+VIII,0.9806357953443884,0.1129505425588632,-20,1,673
3200,3800,33,I+II+VI+VIII,VI+VIII,0.9806357953443884,0.1129505425588632,-20,1,673
3200,3800,33,I+IV+VI+VIII,VI+VIII,0.9806357953443884,0.1129505425588632,-20,1,673
3200,3800,33,I+VI+VII,VI,0.956615054810458,0.25306245132175925,-20,1,673
3200,3800,33,I+VI+VII+VIII,VII+VIII,0.9879577978723683,0.0702416282057486,-13,1,673
3300,3800,1,I+VIII,I+VIII,0.9776429123964233,0.09348523986155324,-5,1,557
3300,3800,1,VI+VIII,VIII,0.977623425397462,0.09356672394411265,-5,1,557
3300,3800,1,I+II+VIII,I+VIII,0.9776429123964233,0.09348523986155324,-5,1,557
3300,3800,1,I+VI+VIII,I+VIII,0.9776429123964233,0.09348523986155324,-5,1,557
3300,3800,1,I+II+VI+VIII,I+VIII,0.9776429123964233,0.09348523986155324,-5,1,557
3300,3800,1,I+IV+VI+VIII,I+VIII,0.9776429123964233,0.09348523986155324,-5,1,557
3300,3800,1,I+VI+VII,VI,0.9398823491595141,0.25137947788140513,-20,1,557
3300,3800,1,I+VI+VII+VIII,I+VII+VIII,0.9777599230484867,0.09299596464518955,-7,1,557
3300,3800,7,I+VIII,I+VIII,0.9906619217429006,0.03857362232629717,-5,1,557
3300,3800,7,VI+VIII,VIII,0.9906472102670405,0.03863439231537475,-5,1,557
3300,3800,7,I+II+VIII,I+VIII,0.9906619217429006,0.03857362232629717,-5,1,557
3300,3800,7,I+VI+VIII,I+VIII,0.9906619217429006,0.03857362232629717,-5,1,557
3300,3800,7,I+II+VI+VIII,I+VIII,0.9906619217429006,0.03857362232629717,-5,1,557
3300,3800,7,I+IV+VI+VIII,I+VIII,0.9906619217429006,0.03857362232629717,-5,1,557
3300,3800,7,I+VI+VII,VI,0.953090862156338,0.193771707305833,-20,1,557
3300,3800,7,I+VI+VII+VIII,VII+VIII,0.9908223577471106,0.03791089519298867,-8,1,557
3300,3800,11,I+VIII,I+VIII,0.9912819272321858,0.03598241341580737,-5,1,557
3300,3800,11,VI+VIII,VIII,0.9912681061374777,0.03603945771411605,-5,1,557
3300,3800,11,I+II+VIII,I+VIII,0.9912819272321858,0.03598241341580737,-5,1,557
3300,3800,11,I+VI+VIII,I+VIII,0.9912819272321858,0.03598241341580737,-5,1,557
3300,3800,11,I+II+VI+VIII,I+VIII,0.9912819272321858,0.03598241341580737,-5,1,557
3300,3800,11,I+IV+VI+VIII,I+VIII,0.9912819272321858,0.03598241341580737,-5,1,557
3300,3800,11,I+VI+VII,VI,0.9537763946889175,0.1907803387479052,-20,1,557
3300,3800,11,I+VI+VII+VIII,VII+VIII,0.9914404088281128,0.03532830665903694,-8,1,557
3300,3800,17,I+VIII,I+VIII,0.9918107440661879,0.033767141000210124,-5,1,557
3300,3800,17,VI+VIII,VIII,0.9917993583782719,0.03381408813830762,-5,1,557
3300,3800,17,I+II+VIII,I+VIII,0.9918107440661879,0.033767141000210124,-5,1,557
3300,3800,17,I+VI+VIII,I+VIII,0.9918107440661879,0.033767141000210124,-5,1,557
3300,3800,17,I+II+VI+VIII,I+VIII,0.9918107440661879,0.033767141000210124,-5,1,557
3300,3800,17,I+IV+VI+VIII,I+VIII,0.9918107440661879,0.033767141000210124,-5,1,557
3300,3800,17,I+VI+VII,VI,0.9545136136569027,0.18755613863473403,-20,1,557
3300,3800,17,I+VI+VII+VIII,VII+VIII,0.99197083990895,0.033107010343678044,-8,1,557
3300,3800,25,I+VIII,I+VIII,0.9921801743444931,0.032211381488191346,-5,1,557
3300,3800,25,VI+VIII,VIII,0.9921735734745735,0.03223857175412603,-5,1,557
3300,3800,25,I+II+VIII,I+VIII,0.9921801743444931,0.032211381488191346,-5,1,557
3300,3800,25,I+VI+VIII,I+VIII,0.9921801743444931,0.032211381488191346,-5,1,557
3300,3800,25,I+II+VI+VIII,I+VIII,0.9921801743444931,0.032211381488191346,-5,1,557
3300,3800,25,I+IV+VI+VIII,I+VIII,0.9921801743444931,0.032211381488191346,-5,1,557
3300,3800,25,I+VI+VII,VI,0.9554501607728608,0.18350944506958522,-20,1,557
3300,3800,25,I+VI+VII+VIII,VII+VIII,0.9923522667172411,0.031502499562430196,-8,1,557
3300,3800,33,I+VIII,I+VIII,0.9926049379113859,0.03041572769441761,-5,1,557
3300,3800,33,VI+VIII,VIII,0.9926019150117976,0.03042816081392657,-5,1,557
3300,3800,33,I+II+VIII,I+VIII,0.9926049379113859,0.03041572769441761,-5,1,557
3300,3800,33,I+VI+VIII,I+VIII,0.9926049379113859,0.03041572769441761,-5,1,557
3300,3800,33,I+II+VI+VIII,I+VIII,0.9926049379113859,0.03041572769441761,-5,1,557
3300,3800,33,I+IV+VI+VIII,I+VIII,0.9926049379113859,0.03041572769441761,-5,1,557
3300,3800,33,I+VI+VII,VI,0.9564879885670134,0.17896394584972783,-20,1,557
3300,3800,33,I+VI+VII+VIII,VII+VIII,0.9927733995495882,0.029722848682298915,-8,1,557
3400,3800,1,I+VIII,I+VIII,0.9920038000025478,0.025280638860361245,-3,1,443
3400,3800,1,VI+VIII,VIII,0.9881361799314394,0.03750843535093563,-4,1,443
3400,3800,1,I+II+VIII,I+VIII,0.9920038000025478,0.025280638860361245,-3,1,443
3400,3800,1,I+VI+VIII,I+VI+VIII,0.9920051228359127,0.025276456614722283,-3,1,443
3400,3800,1,I+II+VI+VIII,I+VI+VIII,0.9920051228359127,0.025276456614722283,-3,1,443
3400,3800,1,I+IV+VI+VIII,I+VI+VIII,0.9920051228359127,0.025276456614722283,-3,1,443
3400,3800,1,I+VI+VII,I+VII,0.9666284641529045,0.10550683402551672,-20,-1,443
3400,3800,1,I+VI+VII+VIII,I+VI+VIII,0.9920051228359127,0.025276456614722283,-3,1,443
3400,3800,7,I+VIII,I+VIII,0.9972546435974715,0.00863027191057842,-3,1,443
3400,3800,7,VI+VIII,VIII,0.9933761360420134,0.020822705206309456,-4,1,443
3400,3800,7,I+II+VIII,I+VIII,0.9972546435974715,0.00863027191057842,-3,1,443
3400,3800,7,I+VI+VIII,I+VI+VIII,0.9972560953852555,0.008625708086616985,-3,1,443
3400,3800,7,I+II+VI+VIII,I+VI+VIII,0.9972560953852555,0.008625708086616985,-3,1,443
3400,3800,7,I+IV+VI+VIII,I+VI+VIII,0.9972560953852555,0.008625708086616985,-3,1,443
3400,3800,7,I+VI+VII,I+VII,0.9717840663802042,0.08869929569996614,-20,-1,443
3400,3800,7,I+VI+VII+VIII,I+VI+VIII,0.9972560953852555,0.008625708086616985,-3,1,443
3400,3800,11,I+VIII,I+VIII,0.9976670058480296,0.007326537057223389,-3,1,443
3400,3800,11,VI+VIII,VIII,0.9938180208213375,0.019413893301532516,-4,1,443
3400,3800,11,I+II+VIII,I+VIII,0.9976670058480296,0.007326537057223389,-3,1,443
3400,3800,11,I+VI+VIII,I+VI+VIII,0.997668853502711,0.007320734680701903,-3,1,443
3400,3800,11,I+II+VI+VIII,I+VI+VIII,0.997668853502711,0.007320734680701903,-3,1,443
3400,3800,11,I+IV+VI+VIII,I+VI+VIII,0.997668853502711,0.007320734680701903,-3,1,443
3400,3800,11,I+VI+VII,I+VII,0.9722628953488629,0.08710562986838274,-20,-1,443
3400,3800,11,I+VI+VII+VIII,I+VI+VIII,0.997668853502711,0.007320734680701903,-3,1,443
3400,3800,17,I+VIII,I+VIII,0.9979858778313014,0.0063130038323509505,-3,1,443
3400,3800,17,VI+VIII,VIII,0.994178454343841,0.018246877279190027,-4,1,443
3400,3800,17,I+II+VIII,I+VIII,0.9979858778313014,0.0063130038323509505,-3,1,443
3400,3800,17,I+VI+VIII,I+VI+VIII,0.9979894419884892,0.006301832445463564,-3,1,443
3400,3800,17,I+II+VI+VIII,I+VI+VIII,0.9979894419884892,0.006301832445463564,-3,1,443
3400,3800,17,I+IV+VI+VIII,I+VI+VIII,0.9979894419884892,0.006301832445463564,-3,1,443
3400,3800,17,I+VI+VII,I+VII,0.9726807703961978,0.08562857003710046,-20,-1,443
3400,3800,17,I+VI+VII+VIII,I+VI+VIII,0.9979894419884892,0.006301832445463564,-3,1,443
3400,3800,25,I+VIII,I+VIII,0.9981217775960874,0.005872580989188516,-3,1,443
3400,3800,25,VI+VIII,VIII,0.9944983257620018,0.017201917872704447,-4,1,443
3400,3800,25,I+II+VIII,I+VIII,0.9981217775960874,0.005872580989188516,-3,1,443
3400,3800,25,I+VI+VIII,I+VI+VIII,0.9981246024600331,0.0058637485728199,-3,1,443
3400,3800,25,I+II+VI+VIII,I+VI+VIII,0.9981246024600331,0.0058637485728199,-3,1,443
3400,3800,25,I+IV+VI+VIII,I+VI+VIII,0.9981246024600331,0.0058637485728199,-3,1,443
3400,3800,25,I+VI+VII,I+VII,0.9734033612849737,0.08315890310371053,-20,-1,443
3400,3800,25,I+VI+VII+VIII,I+VI+VIII,0.9981246024600331,0.0058637485728199,-3,1,443
3400,3800,33,I+VIII,I+VIII,0.9981860760364458,0.005653781512992159,-3,1,443
3400,3800,33,VI+VIII,VIII,0.9947976572678425,0.016215072822396485,-4,1,443
3400,3800,33,I+II+VIII,I+VIII,0.9981860760364458,0.005653781512992159,-3,1,443
3400,3800,33,I+VI+VIII,I+VI+VIII,0.9981885278673129,0.005646139452846217,-3,1,443
3400,3800,33,I+II+VI+VIII,I+VI+VIII,0.9981885278673129,0.005646139452846217,-3,1,443
3400,3800,33,I+IV+VI+VIII,I+VI+VIII,0.9981885278673129,0.005646139452846217,-3,1,443
3400,3800,33,I+VI+VII,I+VII,0.9742504228047527,0.08025831646691671,-20,-1,443
3400,3800,33,I+VI+VII+VIII,I+VI+VIII,0.9981885278673129,0.005646139452846217,-3,1,443
3350,3700,1,I+VIII,I+VIII,0.9821697072809952,0.04104222536047541,9,1,392
3350,3700,1,VI+VIII,VIII,0.9785090029636447,0.04946852850302691,-7,1,392
3350,3700,1,I+II+VIII,I+VIII,0.9821697072809952,0.04104222536047541,9,1,392
3350,3700,1,I+VI+VIII,I+VIII,0.9821697072809952,0.04104222536047541,9,1,392
3350,3700,1,I+II+VI+VIII,I+VIII,0.9821697072809952,0.04104222536047541,9,1,392
3350,3700,1,I+IV+VI+VIII,I+VIII,0.9821697072809952,0.04104222536047541,9,1,392
3350,3700,1,I+VI+VII,I+VI,0.9483275987811224,0.11894085919754059,-20,1,392
3350,3700,1,I+VI+VII+VIII,I+VIII,0.9821697072809952,0.04104222536047541,9,1,392
3350,3700,7,I+VIII,I+VIII,0.9941894473930973,0.01322957189241148,10,1,392
3350,3700,7,VI+VIII,VIII,0.9901535944211737,0.02241847536707217,-8,1,392
3350,3700,7,I+II+VIII,I+VIII,0.9941894473930973,0.01322957189241148,10,1,392
3350,3700,7,I+VI+VIII,I+VIII,0.9941894473930973,0.01322957189241148,10,1,392
3350,3700,7,I+II+VI+VIII,I+VIII,0.9941894473930973,0.01322957189241148,10,1,392
3350,3700,7,I+IV+VI+VIII,I+VIII,0.9941894473930973,0.01322957189241148,10,1,392
3350,3700,7,I+VI+VII,I+VI,0.9607446629090729,0.08937726569901912,-20,1,392
3350,3700,7,I+VI+VII+VIII,I+VIII,0.9941894473930973,0.01322957189241148,10,1,392
3350,3700,11,I+VIII,I+VIII,0.995007968265426,0.011353736258149486,10,1,392
3350,3700,11,VI+VIII,VIII,0.9909422044931663,0.02060079477311637,-8,1,392
3350,3700,11,I+II+VIII,I+VIII,0.995007968265426,0.011353736258149486,10,1,392
3350,3700,11,I+VI+VIII,I+VIII,0.995007968265426,0.011353736258149486,10,1,392
3350,3700,11,I+II+VI+VIII,I+VIII,0.995007968265426,0.011353736258149486,10,1,392
3350,3700,11,I+IV+VI+VIII,I+VIII,0.995007968265426,0.011353736258149486,10,1,392
3350,3700,11,I+VI+VII,I+VI,0.9617625604122015,0.08696615473415914,-20,1,392
3350,3700,11,I+VI+VII+VIII,I+VIII,0.995007968265426,0.011353736258149486,10,1,392
3350,3700,17,I+VIII,I+VIII,0.9955795053074025,0.010035959768443858,10,1,392
3350,3700,17,VI+VIII,VIII,0.99163559220641,0.018989924418165494,-8,1,392
3350,3700,17,I+II+VIII,I+VIII,0.9955795053074025,0.010035959768443858,10,1,392
3350,3700,17,I+VI+VIII,I+VIII,0.9955795053074025,0.010035959768443858,10,1,392
3350,3700,17,I+II+VI+VIII,I+VIII,0.9955795053074025,0.010035959768443858,10,1,392
3350,3700,17,I+IV+VI+VIII,I+VIII,0.9955795053074025,0.010035959768443858,10,1,392
3350,3700,17,I+VI+VII,I+VI,0.9625425554430712,0.08504057413111846,-20,1,392
3350,3700,17,I+VI+VII+VIII,I+VIII,0.9955795053074025,0.010035959768443858,10,1,392
3350,3700,25,I+VIII,I+VIII,0.9958774259543042,0.009331490273581971,10,1,392
3350,3700,25,VI+VIII,VIII,0.9922074343118469,0.017638555455703486,-8,1,392
3350,3700,25,I+II+VIII,I+VIII,0.9958774259543042,0.009331490273581971,10,1,392
3350,3700,25,I+VI+VIII,I+VIII,0.9958774259543042,0.009331490273581971,10,1,392
3350,3700,25,I+II+VI+VIII,I+VIII,0.9958774259543042,0.009331490273581971,10,1,392
3350,3700,25,I+IV+VI+VIII,I+VIII,0.9958774259543042,0.009331490273581971,10,1,392
3350,3700,25,I+VI+VII,I+VI,0.9632596192663301,0.08316224321595499,-20,1,392
3350,3700,25,I+VI+VII+VIII,I+VIII,0.9958774259543042,0.009331490273581971,10,1,392
3350,3700,33,I+VIII,I+VIII,0.9959647954937292,0.009097379625184072,10,1,392
3350,3700,33,VI+VIII,VIII,0.9926936266459582,0.016472238763054703,-8,1,392
3350,3700,33,I+II+VIII,I+VIII,0.9959647954937292,0.009097379625184072,10,1,392
3350,3700,33,I+VI+VIII,I+VIII,0.9959647954937292,0.009097379625184072,10,1,392
3350,3700,33,I+II+VI+VIII,I+VIII,0.9959647954937292,0.009097379625184072,10,1,392
3350,3700,33,I+IV+VI+VIII,I+VIII,0.9959647954937292,0.009097379625184072,10,1,392
3350,3700,33,I+VI+VII,I+VI,0.9639295354376477,0.08132096127235089,-20,1,392
3350,3700,33,I+VI+VII+VIII,I+VIII,0.9959647954937292,0.009097379625184072,10,1,392
