wavenumber_cm-1,raw_trace,smooth_trace,fit,baseline,residual,component_I,component_VI,component_VIII
3300.5,0.16629,0.22693000000000002,0.20138221047316496,0.08515908074544165,0.025547789526835063,-0.0003152844051776839,-0.0,0.11653841413290097
3301.3,0.22759,0.22563,0.20123867998619097,0.08501707237033514,0.02439132001380903,-0.0003168065170451487,-0.0,0.11653841413290097
3302.2,0.22887,0.22751470588235295,0.20118659891307802,0.0848573129483404,0.026328106969274928,-0.00031851889289604557,-0.0,0.11664780485763368
3303.1,0.27494,0.22780882352941179,0.201226505494854,0.08469755352634559,0.026582318034557795,-0.00032023126874694324,-0.0,0.11684918323725535
3303.9,0.23385,0.22780529411764708,0.20108297500788,0.08455554515123906,0.02672231910976708,-0.0003217533806144081,-0.0,0.11684918323725535
3304.8,0.22333,0.2276335294117647,0.20092150321003427,0.08439578572924425,0.026712026201730438,-0.0003234657564653058,-0.0,0.11684918323725535
3305.7,0.18881,0.2224558823529412,0.20105802013712626,0.08423602630724951,0.02139786221581494,-0.00032517813231620186,-0.0,0.11714717196219296
3306.5,0.20236,0.22177529411764707,0.2009272700295691,0.08409401793214298,0.020848024088077982,-0.0003267002441836675,-0.0,0.11715995234160978
3307.4,0.20915,0.21870000000000003,0.20082686436072922,0.08393425851014817,0.017873135639270815,-0.0003284126200345659,-0.0,0.1172210184706156
3308.3,0.22483,0.2214970588235294,0.20091509553823206,0.08377449908815336,0.02058196328529735,-0.00033012499588546285,-0.0,0.11747072144596417
3309.2,0.25781,0.22061235294117645,0.20084194144669187,0.08361473966615862,0.01977041149448458,-0.0003314284758251453,-0.0,0.11755863025635838
3310.0,0.22088,0.22016176470588233,0.20086279194909423,0.0834727312910521,0.019298972756788102,-0.00033218953175887764,-0.0,0.11772225018980102
3310.9,0.23753,0.2149341176470588,0.20076083606027012,0.08331297186905728,0.014173281586788683,-0.00033362635910575306,-0.0,0.11778149055031858
3311.8,0.22813,0.21488470588235292,0.20059793610807963,0.08315321244706246,0.014286769774273289,-0.0003367668893014326,-0.0,0.11778149055031858
3312.6,0.20975,0.21589882352941173,0.20061689597684962,0.08301120407195603,0.015281927552562108,-0.00033755396424144557,-0.0,0.11794324586913502
3313.5,0.20168,0.21551411764705877,0.20060513108195915,0.0828514446499612,0.014908986565099619,-0.00033857322267501243,-0.0,0.11809225965467297
3314.4,0.1821,0.216795294117647,0.20057115230917485,0.0826916852279664,0.016224141808472148,-0.0003402855985259102,-0.0,0.11821975267973436
3315.2,0.21384,0.21535235294117644,0.20075486168908602,0.08254967685285995,0.014597491252090422,-0.00034180771039337413,-0.0,0.11854699254661945
3316.1,0.21255,0.21624470588235292,0.20076066345977195,0.08238991743086514,0.015484042422580974,-0.0003430518344749778,-0.0,0.11871379786338178
3317.0,0.22121,0.21261000000000002,0.20060004784985166,0.08223015800887032,0.012009952150148356,-0.00034390802240042676,-0.0,0.11871379786338178
3317.8,0.18607,0.21168764705882354,0.20073182446543775,0.08208814963376379,0.010955822593385789,-0.00034530907361366526,-0.0,0.11898898390528763
3318.7,0.23301,0.20701176470588234,0.20061688275461803,0.08192839021176906,0.0063948819512643085,-0.0003469707666085767,-0.0,0.11903546330945754
3319.6,0.24057,0.20402882352941176,0.2006403395698207,0.08176863078977425,0.003388483959591071,-0.00034782695453402547,-0.0,0.11921953573458047
3320.4,0.18227,0.20532529411764705,0.2007092320945218,0.08162662241466773,0.004616062023125256,-0.00034836558410156036,-0.0,0.11943097526395562
3321.3,0.22414,0.20564352941176473,0.200763890856782,0.0814668629926729,0.004879638554982718,-0.00034907731233588404,-0.0,0.11964610517644499
3322.2,0.18462,0.2072135294117647,0.2007081037026284,0.08130710357067818,0.006505425709136314,-0.0003503003863186552,-0.0,0.11975130051826888
3323.1,0.24,0.20685411764705883,0.20073156051783103,0.08114734414868335,0.006122557129227796,-0.000351156574244104,-0.0,0.11993537294339177
3323.9,0.19602,0.20628823529411763,0.20089386857089014,0.08100533577357684,0.0053943667232274894,-0.0003525786755561743,-0.0,0.12024111147286948
3324.8,0.2052,0.20415235294117648,0.20106984125559277,0.08084557635158202,0.003082511685583711,-0.0003541475854974369,-0.0,0.12057841248950818
3325.7,0.15804,0.2039123529411765,0.20091008183359804,0.08068581692958729,0.003002271107578447,-0.0003541475854974369,-0.0,0.12057841248950818
3326.6,0.17742,0.1997288235294118,0.20089524052007973,0.08052605750759247,-0.00116641699066794,-0.0003548248024109287,-0.0,0.12072400781489818
3327.4,0.23179,0.19662588235294118,0.20107894989999092,0.08038404913248595,-0.004453067547049744,-0.0003563469142783931,-0.0,0.12105124768178335
3328.3,0.20709,0.19837882352941177,0.20117692273941892,0.08022428971049113,-0.002798099210007149,-0.0003570385861953752,-0.0,0.12130967161512317
3329.2,0.20879,0.19716588235294116,0.20120123574254717,0.0800645302884964,-0.004035353389606006,-0.0003570385861953752,-0.0,0.12149374404024613
3330.0,0.20773,0.19891117647058823,0.20136812728104608,0.07992252191338987,-0.002456950810457853,-0.0003584027771497151,-0.0,0.12180400814480594
3330.9,0.20293,0.19426764705882352,0.2015563911249631,0.07976276249139506,-0.00728874406613958,-0.0003585768695979939,-0.0,0.12215220550316601
3331.8,0.1849,0.19316235294117645,0.20157984794016576,0.07960300306940024,-0.008417494998989306,-0.0003594330575234428,-0.0,0.12233627792828895
3332.7,0.18199,0.19166882352941175,0.20168098765170112,0.0794432436474055,-0.010012164122289363,-0.00035992958689331345,-0.0,0.12259767359118895
3333.5,0.16189,0.19410823529411764,0.20186542321485024,0.07930123527229899,-0.0077571879207326,-0.00036072551552296476,-0.0,0.12292491345807421
3334.4,0.18782,0.1977229411764706,0.20207315907138196,0.07914147585030418,-0.004350217894911357,-0.0003613750872422825,-0.0,0.12329305830832007
3335.3,0.21207,0.19474000000000002,0.20213794529488222,0.07898171642830935,-0.007397945294882191,-0.0003620399270590368,-0.0,0.12351826879363188
3336.1,0.20352,0.19336235294117649,0.20215879579728455,0.07883970805320291,-0.008796442856108061,-0.00036280098299276876,-0.0,0.1236818887270744
3337.0,0.21429,0.19282529411764707,0.2023629468149593,0.0786799486312081,-0.009537652697312243,-0.00036282058759125167,-0.0,0.12404581877134248
3337.9,0.16106,0.19337294117647058,0.20251792403239327,0.07852018920921328,-0.00914498285592269,-0.0003630678584946974,-0.0,0.12436080268167468
3338.8,0.17723,0.1914464705882353,0.20254138084759593,0.07836042978721847,-0.01109491025936063,-0.0003639240464201462,-0.0,0.12454487510679761
3339.6,0.17981,0.19163470588235293,0.20265273455853666,0.07821842141211202,-0.011018028676183733,-0.00036426608794022083,-0.0,0.12479857923436488
3340.5,0.19951,0.19413117647058822,0.20286111998678774,0.07805866199011721,-0.008729943516199518,-0.00036426608794022083,-0.0,0.12516672408461074
3341.4,0.23887,0.19725235294117646,0.20306881952512318,0.07789890256812239,-0.005816466583946717,-0.00036495197785580677,-0.0,0.1255348689348566
3342.2,0.18108,0.19972529411764706,0.20325329140646847,0.07775689419301594,-0.003527997288821416,-0.00036571158828918994,-0.0,0.1258621088017417
3343.1,0.18367,0.19703941176470588,0.2034616768347195,0.07759713477102113,-0.006422265070013616,-0.00036571158828918994,-0.0,0.12623025365198753
3344.0,0.19966,0.19837823529411766,0.20367006226297055,0.07743737534902631,-0.005291826968852886,-0.00036571158828918994,-0.0,0.12659839850223342
3344.9,0.21704,0.19769647058823528,0.2038784476912216,0.0772776159270315,-0.006181977102986319,-0.00036571158828918994,-0.0,0.12696654335247928
3345.7,0.17018,0.19899294117647057,0.20406279905397523,0.07713560755192506,-0.005069857877504663,-0.00036659171731416807,-0.0,0.12729378321936433
3346.6,0.1881,0.19915058823529413,0.20427061911090227,0.07697584812993025,-0.005120030875608139,-0.00036715708863815905,-0.0,0.1276619280696102
3347.5,0.22443,0.20098588235294118,0.20447900453915335,0.07681608870793542,-0.003493122186212172,-0.00036715708863815905,-0.0,0.12803007291985607
3348.3,0.21495,0.20357294117647057,0.2046642360309321,0.07667408033282891,-0.001091294854461522,-0.00036715708863815905,-0.0,0.12835731278674134
3349.2,0.22986,0.2015370588235294,0.20493966989344736,0.07651432091083417,-0.00340261106991796,-0.00036715708863815905,-0.0,0.12879250607125137
3350.1,0.16641,0.20325352941176472,0.2053295639017106,0.07635456148883936,-0.002076034489945866,-0.00036715708863815905,-0.0,0.12934215950150937
3351.0,0.22628,0.20418,0.2053538769048387,0.07619480206684454,-0.0011738769048386943,-0.00036715708863815905,-0.0,0.12952623192663232
3351.8,0.2027,0.20404823529411764,0.20567289449604198,0.07605279369173802,-0.0016246592019243389,-0.00036715708863815905,-0.0,0.12998725789294213
3352.7,0.1831,0.20383294117647058,0.20624942477453864,0.07589303426974328,-0.0024164835980680643,-0.00036715708863815905,-0.0,0.13072354759343352
3353.6,0.17991,0.2056276470588235,0.20635642178249425,0.07573327484774846,-0.0007287747236707498,-0.00036715708863815905,-0.0,0.13099030402338394
3354.5,0.21101,0.20582176470588232,0.20647017801846923,0.07557351542575365,-0.0006484133125869151,-0.00036715708863815905,-0.0,0.13126381968135375
3355.3,0.24349,0.20529764705882347,0.20698264937713323,0.07543150705064713,-0.0016850023183097584,-0.00036715708863815905,-0.0,0.13191829941512426
3356.2,0.20426,0.20520588235294113,0.20742570432530982,0.0752717476286524,-0.0022198219723686963,-0.00036715708863815905,-0.0,0.13252111378529557
3357.1,0.21026,0.20344941176470585,0.20763408975356085,0.07511198820665757,-0.004184677988854996,-0.00036715708863815905,-0.0,0.13288925863554144
3358.0,0.19942,0.2052505882352941,0.20784247518181193,0.07495222878466276,-0.002591886946517824,-0.00036715708863815905,-0.0,0.13325740348578732
3358.8,0.19742,0.20266941176470585,0.2082924042582248,0.07481022040955623,-0.005622992493518941,-0.00036715708863815905,-0.0,0.13384934093730672
3359.7,0.21338,0.20394941176470582,0.20885763031055038,0.0746504609875615,-0.004908218545844556,-0.00036715708863815905,-0.0,0.13457432641162703
3360.6,0.20069,0.20576588235294113,0.2090660157388013,0.07449070156556668,-0.00330013338586016,-0.00036715708863815905,-0.0,0.13494247126187278
3361.5,0.1914,0.2070770588235294,0.20940045688500608,0.07433094214357187,-0.002323398061476689,-0.00036715708863815905,-0.0,0.13543667183007235
3362.3,0.21552,0.20626823529411764,0.209913591186268,0.07418893376846535,-0.0036453558921503704,-0.00036649414604061236,-0.0,0.1360911515638433
3363.2,0.21339,0.20439647058823532,0.21029100179614013,0.07402917434647062,-0.005894531207904813,-0.00036571158828918994,-0.0,0.1366275390379587
3364.1,0.2,0.20398470588235296,0.21049938722439118,0.0738694149244758,-0.0065146813420382255,-0.00036571158828918994,-0.0,0.13699568388820457
3365.0,0.19703,0.2035135294117647,0.21102631098460564,0.07370965550248099,-0.0075127815728409375,-0.00036571158828918994,-0.0,0.13768236707041384
3365.8,0.1824,0.2031570588235294,0.21182531145748415,0.07356764712737446,-0.008668252633954737,-0.00036571158828918994,-0.0,0.13862337591839888
3366.7,0.22446,0.2047735294117647,0.21203369688573512,0.07340788770537973,-0.00726016747397043,-0.00036571158828918994,-0.0,0.13899152076864457
3367.6,0.21398,0.20605352941176466,0.21237781761338098,0.07324812828338491,-0.006324288201616318,-0.00036508315701247555,-0.0,0.13949477248700853
3368.5,0.2022,0.20726823529411761,0.21314764757495971,0.07308836886139009,-0.0058794122808421,-0.00036426608794022083,-0.0,0.14042354480150984
3369.3,0.19726,0.2088911764705882,0.21356945204742817,0.07294636048628357,-0.004678275576839974,-0.00036426608794022083,-0.0,0.1409873576490848
3370.2,0.21167,0.20914058823529408,0.21377783747567908,0.07278660106428884,-0.004637249240385,-0.00036426608794022083,-0.0,0.14135550249933046
3371.1,0.19726,0.2101811764705882,0.2146207570455597,0.07262684164229402,-0.004439580574971486,-0.00036420591898819494,-0.0,0.14235812132225387
3372.0,0.20225,0.21238529411764703,0.21516351690052343,0.0724670822202992,-0.0027782227828763995,-0.00036282058759125167,-0.0,0.1430592552678155
3372.8,0.19336,0.21311764705882352,0.21551236832574483,0.07232507384519268,-0.002394721266921307,-0.00036282058759125167,-0.0,0.14355011506814339
3373.7,0.2249,0.21516941176470586,0.2159769051882598,0.07216531442319794,-0.0008074934235539344,-0.00036282058759125167,-0.0,0.14417441135265308
3374.6,0.23514,0.21606117647058823,0.21675590663790684,0.07200555500120313,-0.0006947301673186079,-0.00036188318061494527,-0.0,0.14511223481731864
3375.5,0.22134,0.21716588235294118,0.21770108986002223,0.07184579557920831,-0.0005352075070810536,-0.0003613750872422825,-0.0,0.14621666936805622
3376.4,0.21899,0.21867176470588237,0.21817133710482992,0.0716860361572135,0.0005004276010524555,-0.0003613750872422825,-0.0,0.1468466760348587
3377.2,0.21976,0.2192423529411765,0.21855327117040027,0.07154402778210706,0.0006890817707762287,-0.0003612728180925933,-0.0,0.1473705162063858
3378.1,0.23108,0.22023764705882354,0.2194199268703179,0.07138426836011225,0.0008177201885056495,-0.00035992958689331345,-0.0,0.14839558809709896
3379.0,0.23747,0.2202294117647059,0.21992808794585683,0.07122450893811742,0.0003013238188490641,-0.00035992958689331345,-0.0,0.14906350859463272
3379.9,0.20948,0.22095235294117646,0.22032054579923083,0.07106474951612261,0.0006318071419456339,-0.00035992958689331345,-0.0,0.14961572587000152
3380.7,0.21728,0.2238029411764706,0.22098625410313305,0.07092274114101617,0.0028166870733375426,-0.0003589500797193436,-0.0,0.1504224630418362
3381.6,0.23962,0.22425823529411762,0.22193139522505084,0.07076298171902136,0.0023268400690667768,-0.00035848408654434423,-0.0,0.15152689759257382
3382.5,0.23276,0.2241541176470588,0.22255149057676152,0.07060322229702654,0.0016026270702972911,-0.0003577274574554308,-0.0,0.15230599573719042
3383.4,0.2278,0.22467647058823528,0.22320065277417656,0.07044346287503171,0.0014758178140587275,-0.0003570385861953752,-0.0,0.1531142284853402
3384.2,0.20696,0.22457529411764707,0.2240407752445746,0.07030145449992528,0.0005345188730724593,-0.0003566273413460939,-0.0,0.15409594808599542
3385.1,0.22859,0.22633647058823528,0.2247678002946968,0.07014169507793047,0.0015686702935384655,-0.000355593085846406,-0.0,0.15498169830261274
3386.0,0.19712,0.22689823529411765,0.22516025814807078,0.06998193565593565,0.0017379771460468707,-0.000355593085846406,-0.0,0.15553391557798155
3386.9,0.21454,0.2244929411764706,0.2259447394445945,0.06982217623394082,-0.001451798268123916,-0.00035438121449133904,-0.0,0.15647694442514504
3387.8,0.24182,0.22483470588235296,0.226882517136185,0.06966241681194602,-0.002047811253832049,-0.0003541309622434237,-0.0,0.15757423128648243
3388.6,0.23264,0.2253664705882353,0.22739574955078243,0.06952040843683957,-0.002029278962547121,-0.0003533699063096917,-0.0,0.15822871102025254
3389.5,0.23337,0.22386176470588237,0.22805431858179137,0.06936064901484476,-0.004192553875909,-0.00035232535162001795,-0.0,0.1590459949185666
3390.4,0.23022,0.22447588235294116,0.22900006247735466,0.06920088959284994,-0.004524180124413496,-0.00035125658479949863,-0.0,0.16015042946930422
3391.3,0.21727,0.22355176470588234,0.22974944715875834,0.06904113017085513,-0.006197682452875997,-0.00035080134253334514,-0.0,0.16105911833043657
3392.2,0.2497,0.22553882352941174,0.23032683362518042,0.06888137074886039,-0.00478801009576868,-0.00034994515460789674,-0.0,0.16179540803092793
3393.0,0.24063,0.22600882352941176,0.2311102852235824,0.06873936237375387,-0.005101461694170639,-0.0003485571128977984,-0.0,0.1627194799627263
3393.9,0.19658,0.22778529411764706,0.23203089129512713,0.06857960295175905,-0.004245597177480076,-0.0003483279107487155,-0.0,0.16379961625411682
3394.8,0.21529,0.22919411764705885,0.23242420533642658,0.06841984352976424,-0.003230087689367722,-0.00034747172282326665,-0.0,0.1643518335294856
3395.7,0.22632,0.22790823529411763,0.2331451997549488,0.0682600841077695,-0.005236964460831162,-0.0003463109860430448,-0.0,0.16523142663322235
3396.6,0.21404,0.22825235294117646,0.23427053005933812,0.06810032468577468,-0.0060181771181616606,-0.00034547458340362214,-0.0,0.1665156799569671
3397.4,0.2432,0.22792,0.23511119386961749,0.06795831631066816,-0.007191193869617474,-0.00034452199867365124,-0.0,0.167497399557623
3398.3,0.21209,0.22820352941176472,0.23566371276560372,0.06779855688867334,-0.007460183353838995,-0.0003434193529387031,-0.0,0.16820857522986907
3399.2,0.24074,0.2286158823529412,0.2360702160653924,0.06763879746667861,-0.0074543337124512166,-0.0003425427473208255,-0.0,0.16877396134603462
3400.1,0.23658,0.22825647058823528,0.23701629585909928,0.06747903804468379,-0.008759825270863997,-0.0003411380823567147,-0.0,0.16987839589677223
3400.9,0.22732,0.22744588235294116,0.2377322606424207,0.06733702966957728,-0.010286378289479536,-0.0003409459211540734,-0.0,0.17073617689399748
3401.8,0.23849,0.2289541176470588,0.2381255746837201,0.06717727024758245,-0.009171457036661279,-0.0003400897332286246,-0.0,0.17128839416936628
3402.7,0.21996,0.22936529411764706,0.23881541360282854,0.06701751082558773,-0.009450119485181485,-0.0003387745085986067,-0.0,0.1721366772858394
3403.6,0.23849,0.23189176470588233,0.2397618011074222,0.0668577514035929,-0.007870036401539882,-0.00033706213274770894,-0.0,0.173241111836577
3404.5,0.22772,0.2340370588235294,0.24023926962103043,0.06669799198159809,-0.006202210797501023,-0.0003360756691033093,-0.0,0.17387735330853563
3405.3,0.23504,0.23197882352941177,0.24061566913602042,0.06655598360649156,-0.008636845606608656,-0.0003352731453783156,-0.0,0.17439495867490717
3406.2,0.22428,0.23245764705882352,0.24156170682952918,0.06639622418449684,-0.009104059770705664,-0.00033391058061186906,-0.0,0.17549939322564423
3407.1,0.24359,0.23250411764705883,0.2422415265632748,0.06623646476250201,-0.009737408916215967,-0.00033360223731867964,-0.0,0.17633866403809145
3408.0,0.22685,0.23355941176470588,0.24245076817945127,0.0660767053405072,-0.008891356414745394,-0.0003327460493932308,-0.0,0.1767068088883373
3408.9,0.22222,0.2351558823529412,0.2431552517362791,0.06591694591851238,-0.007999369383337923,-0.00033131464267266387,-0.0,0.1775696204604394
3409.8,0.22228,0.23656176470588236,0.24379693013405324,0.06575718649651757,-0.0072351654281708755,-0.0003296022668217662,-0.0,0.17836934590435743
3410.6,0.26927,0.23907764705882353,0.24398899677292882,0.06561517812141113,-0.004911349714105284,-0.000328827117259632,-0.0,0.1787026457687773
3411.5,0.25051,0.23969470588235292,0.2443339690607617,0.0654554186994163,-0.004639263178408792,-0.0003278132794523736,-0.0,0.1792063636407978
3412.4,0.20821,0.2419623529411765,0.24515519430857668,0.0652956592774215,-0.0031928413674001954,-0.00032610090360147594,-0.0,0.18018563593475664
3413.3,0.22023,0.24287117647058823,0.2455504744348705,0.06513589985542667,-0.0026792979642822623,-0.00032481305313431625,-0.0,0.18073938763257813
3414.2,0.24153,0.24472588235294118,0.2457597160510469,0.06497614043343194,-0.001033833698105724,-0.00032395686520886785,-0.0,0.18110753248282382
3415.0,0.25452,0.2455035294117647,0.24594630486765337,0.06483413205832542,-0.0004427754558886665,-0.0003225995403811857,-0.0,0.18143477234970912
3415.9,0.25446,0.2466994117647059,0.24647016292873908,0.06467437263633061,0.000229248835966811,-0.000320887164530288,-0.0,0.18211667745693877
3416.8,0.26239,0.2478594117647059,0.2469577148410842,0.06451461321433578,0.0009016969236217143,-0.000319315182900784,-0.0,0.1827624168096492
3417.7,0.26273,0.24974058823529413,0.2469828840321377,0.06435485379234106,0.002757704203156436,-0.0003184589949753356,-0.0,0.18294648923477197
3418.6,0.24898,0.24817705882352942,0.24727113807837003,0.06419509437034623,0.0009059207451593831,-0.00031719553732656485,-0.0,0.18339323924535036
3419.4,0.26627,0.24781117647058823,0.247593542396067,0.06405308599523972,0.00021763407452121686,-0.0003156734254591,-0.0,0.1838561298262864
3420.3,0.25049,0.24895,0.24767857873757246,0.0638933265732449,0.0012714212624275467,-0.00031454006284173635,-0.0,0.1840997922271693
3421.2,0.25581,0.24988058823529413,0.247703747928626,0.06373356715125017,0.002176840306668121,-0.0003136838749162879,-0.0,0.18428386465229213
3422.1,0.25681,0.24895764705882353,0.24791162120366939,0.06357380772925535,0.001046025855154148,-0.00031198179825537686,-0.0,0.18464979527266942
3423.0,0.24718,0.24895882352941176,0.24801113939941366,0.06341404830726054,0.0009476841299980998,-0.0003105259987164211,-0.0,0.18490761709086953
3423.9,0.24194,0.24810529411764704,0.24785223616534427,0.06325428888526571,0.0002530579523027654,-0.00030966981079097217,-0.0,0.18490761709086953
3424.8,0.25426,0.24774470588235292,0.24791893090691744,0.0630945294632709,-0.00017422502456451716,-0.00030829017105165295,-0.0,0.1851326916146982
3425.6,0.24269,0.24659647058823525,0.24786526273935042,0.06295252108816446,-0.0012687921511151667,-0.00030564454403795324,-0.0,0.1852183861952239
3426.5,0.24429,0.24721588235294117,0.24770684248308517,0.06279276166616965,-0.0004909601301439914,-0.0003043053783084043,-0.0,0.1852183861952239
3427.4,0.22757,0.24479941176470588,0.24754804513191636,0.06263300224417483,-0.0027486333672104846,-0.0003033433074823936,-0.0,0.1852183861952239
3428.3,0.23605,0.24484705882352942,0.24738999808577242,0.06247324282218001,-0.002542939262242999,-0.00030163093163149525,-0.0,0.1852183861952239
3429.2,0.22584,0.24504882352941174,0.2472315782812261,0.06231348340018528,-0.0021827547518143697,-0.0003002913141830883,-0.0,0.1852183861952239
3430.1,0.25454,0.2440541176470588,0.24707267504715674,0.06215372397819046,-0.003018557400097932,-0.0002994351262576397,-0.0,0.1852183861952239
3430.9,0.23995,0.2434694117647059,0.24693197222989666,0.06201171560308394,-0.0034625604651907504,-0.00029812956841120537,-0.0,0.1852183861952239
3431.8,0.25626,0.24325411764705884,0.24677392518375274,0.06185195618108912,-0.0035198075366938975,-0.00029641719256030715,-0.0,0.1852183861952239
3432.7,0.24321,0.24260823529411768,0.2464406281773063,0.06169219675909438,-0.0038323928831886234,-0.00029551619412404096,-0.0,0.18504394761233597
3433.6,0.25951,0.2440588235294118,0.24605013267944864,0.061532437337099566,-0.0019913091500368407,-0.0002944379412074817,-0.0,0.18481213328355656
3434.5,0.22519,0.24458294117647061,0.24552465178854305,0.061372677915104756,-0.0009417106120724328,-0.00029201455987243444,-0.0,0.18444398843331072
3435.3,0.2513,0.24486882352941178,0.2452269904690188,0.061230669539998235,-0.00035816693960702417,-0.00028975795314015,-0.0,0.18428607888216073
3436.2,0.25924,0.24473352941176474,0.24495506314580942,0.061070910118003495,-0.00022153373404468213,-0.00028857282354153956,-0.0,0.18417272585134745
3437.1,0.2399,0.24631235294117654,0.2446120874866171,0.06091115069600868,0.0017002654545594242,-0.0002877166356160907,-0.0,0.18398865342622453
3438.0,0.23724,0.24573352941176477,0.24378840806811988,0.06075139127401386,0.0019451213436448844,-0.00028606632593642685,-0.0,0.18332308312004245
3438.9,0.23828,0.24770647058823536,0.2433060434598727,0.060591631852019046,0.004400427128362666,-0.0002845587594162239,-0.0,0.1829989703672699
3439.8,0.24328,0.24785294117647066,0.24296306780068036,0.06043187243002423,0.0048898733757903046,-0.00028370257149077505,-0.0,0.1828148979421469
3440.7,0.26735,0.24779411764705891,0.24231728366589222,0.060272113008029496,0.00547683398116669,-0.0002814313290674579,-0.0,0.1823266019869302
3441.5,0.2532,0.24636411764705887,0.2417421062488265,0.060130104632922975,0.004622011398232373,-0.00027940708651626975,-0.0,0.1818914087024198
3442.4,0.23243,0.24808470588235298,0.2412152709240939,0.05997034521092816,0.006869434958259091,-0.0002783381390082071,-0.0,0.18152326385217393
3443.3,0.23375,0.2484752941176471,0.24068827695569797,0.05981058578893334,0.007787017161949128,-0.00027742783516344346,-0.0,0.18115511900192807
3444.2,0.25268,0.2469423529411765,0.24008144047672855,0.05965082636693861,0.006860912464447949,-0.0002757154593125466,-0.0,0.1807063295691025
3445.1,0.2447,0.2473088235294118,0.23932480306714304,0.05949106694494379,0.00798402046226876,-0.0002743240748828918,-0.0,0.18010806019708211
3446.0,0.27349,0.2480035294117647,0.23879775498282774,0.059331307522948976,0.00920577442893697,-0.000273467886957443,-0.0,0.17973991534683623
3446.8,0.25875,0.24790470588235294,0.2381188791646704,0.059189299147842454,0.00978582671768255,-0.0002712286262293455,-0.0,0.1792008086430573
3447.7,0.24221,0.24709352941176468,0.23722500244852124,0.059029539725847714,0.009868526963243446,-0.00026905621989238956,-0.0,0.17846451894256593
3448.6,0.2352,0.24572764705882352,0.23665652442012863,0.0588697803038529,0.00907112263869489,-0.000268103454474875,-0.0,0.1780548475707506
3449.5,0.25444,0.24491176470588236,0.23605642166360982,0.05871002088185809,0.008855343042272534,-0.00026707696853956326,-0.0,0.1776134777502913
3450.4,0.25794,0.24565764705882354,0.2351626923884958,0.058550261459863265,0.010494954670327739,-0.0002647571211670112,-0.0,0.17687718804979954
3451.3,0.23318,0.24656999999999998,0.23445673295917208,0.058390502037868455,0.012113267040827908,-0.0002626438900005902,-0.0,0.1763288748113042
3452.2,0.24613,0.24573941176470585,0.2339296848748571,0.058230742615873715,0.011809726889848743,-0.0002617877020751418,-0.0,0.17596072996105852
3453.1,0.24905,0.24570588235294116,0.23310061288577646,0.0580709831938789,0.012605269467164698,-0.0002602274651359733,-0.0,0.17528985715703352
3453.9,0.2366,0.24338882352941174,0.2320047332921186,0.05792897481877238,0.011384090237293143,-0.00025727945751802223,-0.0,0.17433303793086424
3454.8,0.22949,0.2425894117647059,0.23147768520780335,0.05776921539677756,0.01111172655690254,-0.0002564232695925734,-0.0,0.17396489308061835
3455.7,0.24413,0.24229705882352942,0.23082774249985044,0.05760945597478283,0.01146931632367898,-0.00025528060156671396,-0.0,0.17347356712663434
3456.6,0.23933,0.24238058823529413,0.22975284890358494,0.05744969655278801,0.012627739331709187,-0.00025356822571581623,-0.0,0.17255672057651275
3457.5,0.24511,0.2411564705882353,0.2287294066134294,0.057289937130793195,0.012427063974805919,-0.0002507491386602393,-0.0,0.17169021862129644
3458.4,0.24926,0.24037058823529414,0.2281300302039975,0.05713017770879838,0.012240558031296644,-0.00024938476701835563,-0.0,0.17124923726221747
3459.2,0.23856,0.24005117647058827,0.2276595300655759,0.05698816933369194,0.012391646405012363,-0.0002486166642704234,-0.0,0.1709199773961544
3460.1,0.24413,0.2391194117647059,0.22645687501664777,0.056828409911697124,0.012662536748058145,-0.00024546348594669024,-0.0,0.1698739285908973
3461.0,0.2341,0.23749,0.22567803053694407,0.05666865048970231,0.011811969463055932,-0.00024402033453578797,-0.0,0.16925340038177758
3461.9,0.24516,0.23603588235294118,0.22515098245262863,0.05650889106770749,0.01088489990031255,-0.00024316414661033857,-0.0,0.16888525553153147
3462.8,0.23724,0.2360023529411765,0.22416451670182896,0.056349131645712675,0.011837836239347532,-0.0002406996588591165,-0.0,0.1680560847149754
3463.7,0.23662,0.23457764705882356,0.22319029713445987,0.056189372223717934,0.011387349924363688,-0.00023861398254310004,-0.0,0.16723953889328505
3464.6,0.23363,0.23243882352941178,0.22246859262529303,0.05602961280172312,0.009970230904118749,-0.0002369016066922024,-0.0,0.16667588143026213
3465.5,0.24458,0.23184000000000002,0.22171282007158352,0.05586985337972831,0.010127179928416497,-0.00023476190480064063,-0.0,0.16607772859665587
3466.3,0.22775,0.23086411764705886,0.22081053036987636,0.05572784500462179,0.010053587277182502,-0.00023222161862486985,-0.0,0.16531490698387943
3467.2,0.23029,0.2302094117647059,0.21987948402278945,0.05556808558262705,0.010329927741916461,-0.00023050924277397304,-0.0,0.1645419076829364
3468.1,0.22135,0.2279494117647059,0.21935329212639967,0.05540832616063223,0.008596119638306227,-0.00022879686692307537,-0.0,0.1641737628326905
3469.0,0.21188,0.22649352941176473,0.21854663111332995,0.055248566738637414,0.007946898298434785,-0.00022708449107217761,-0.0,0.16352514886576472
3469.9,0.22892,0.22539117647058826,0.21737004652090583,0.0550888073166426,0.008021129949682432,-0.00022392661487231075,-0.0,0.16250516581913554
3470.8,0.21991,0.22401647058823532,0.21684385462451605,0.05492904789464778,0.007172615963719264,-0.00022221423902141308,-0.0,0.16213702096888968
3471.7,0.20297,0.2232970588235294,0.2160340082281271,0.05476928847265305,0.007263050595402304,-0.00022050186317051625,-0.0,0.16148522161864456
3472.6,0.23493,0.22212823529411763,0.21497165619286046,0.05460952905065823,0.0071565791012571656,-0.00021786292159592925,-0.0,0.16057999006379814
3473.5,0.23267,0.22017941176470587,0.21420612775174142,0.054449769628663415,0.005973284012964458,-0.00021563161111975168,-0.0,0.15997198973419777
3474.3,0.22743,0.21826058823529412,0.2135747816881745,0.054307761253556894,0.004685806547119614,-0.00021410949925228687,-0.0,0.1594811299338699
3475.2,0.20571,0.21806470588235294,0.21268118552395537,0.05414800183156216,0.005383520358397564,-0.00021086019515534875,-0.0,0.15874404388754856
3476.1,0.20935,0.21754823529411765,0.21149708989126761,0.053988242409567344,0.006051145402850039,-0.00020779374685255404,-0.0,0.15771664122855283
3477.0,0.22642,0.21737823529411765,0.21066995696344862,0.05382848298757253,0.006708278330669032,-0.00020608137100165637,-0.0,0.15704755534687775
3477.9,0.21387,0.21612117647058823,0.20995969264193587,0.05366872356557771,0.006161483828652364,-0.00020436899515075864,-0.0,0.15649533807150892
3478.8,0.22439,0.21529705882352942,0.20912600768561984,0.053508964143582895,0.006171051137909583,-0.0002014976893950745,-0.0,0.15581854123143202
3479.7,0.21376,0.21492529411764705,0.20792684843952802,0.05334920472158816,0.006998445678119025,-0.0001980729376932808,-0.0,0.15477571665563314
3480.6,0.21145,0.21293470588235291,0.20739220777998674,0.05318944529959334,0.005542498102366178,-0.0001963408669001281,-0.0,0.1543991033472935
3481.5,0.19513,0.21193411764705883,0.20664600947024808,0.05302968587759853,0.005288108176810746,-0.0001936003789260261,-0.0,0.15380992397157556
3482.3,0.22696,0.21060470588235294,0.2055262571625083,0.05288767750249201,0.0050784487198446415,-0.0001896247109037302,-0.0,0.15282820437092
3483.2,0.21257,0.20990235294117648,0.20463335794071244,0.05272791808049727,0.005268995000464044,-0.0001870575022839617,-0.0,0.15209249736249916
3484.1,0.20899,0.2090435294117647,0.20410716604432247,0.05256815865850245,0.0049363633674422425,-0.000185345126433063,-0.0,0.15172435251225308
3485.0,0.20755,0.20769529411764706,0.20298413491613648,0.052408399236507634,0.0047111592015105785,-0.00018224145649628314,-0.0,0.15075797713612513
3485.9,0.2059,0.20673647058823533,0.20181470316944278,0.05224863981451282,0.00492176741879255,-0.0001789230394139089,-0.0,0.1497449863943439
3486.8,0.19665,0.20468000000000003,0.20128936746097845,0.052088880392518,0.003390632539021582,-0.0001763544756375623,-0.0,0.14937684154409803
3487.7,0.20109,0.2030370588235294,0.20044345817011394,0.05192912097052327,0.002593600653415462,-0.00017341270173986783,-0.0,0.14868774990133052
3488.6,0.21566,0.2016847058823529,0.1991826889490833,0.05176936154852845,0.0025020169332695963,-0.00016998795003807243,-0.0,0.1475833153505929
3489.5,0.20483,0.20130352941176466,0.19833411697449516,0.051609602126533635,0.002969412437269503,-0.0001672032839595548,-0.0,0.14689171813192106
3490.4,0.19377,0.1993847058823529,0.1975920123197363,0.05144984270453882,0.001792693562616604,-0.00016458394698345077,-0.0,0.14630675356218095
3491.2,0.19475,0.1994235294117647,0.19650980901773918,0.05130783432943238,0.002913720394025515,-0.00016136156533051296,-0.0,0.1453633362536373
3492.1,0.2035,0.19905235294117646,0.19566584597496695,0.051148074907437564,0.0033865069662095126,-0.00015711450461769675,-0.0,0.14467488557214708
3493.0,0.19757,0.1983129411764706,0.1949555816534542,0.05098831548544275,0.003357359523016412,-0.00015540212876679902,-0.0,0.14412266829677825
3493.9,0.18943,0.19761705882352942,0.19393163060611018,0.05082855606344793,0.00368542821741924,-0.00015173218406831014,-0.0,0.14325480672673055
3494.8,0.18583,0.19683764705882356,0.19267257376093044,0.050668796641453115,0.004165073297893118,-0.000146595056515617,-0.0,0.14215037217599297
3495.7,0.18846,0.19592764705882354,0.19189826337724908,0.05050903721945838,0.004029383681574461,-0.00014448299981823025,-0.0,0.14153370915760893
3496.6,0.18865,0.19420647058823529,0.19100919771913305,0.050349277797463565,0.0031972728691022356,-0.00014210280280610929,-0.0,0.1408020227244756
3497.5,0.19434,0.19267823529411765,0.18951115943270452,0.05018951837546875,0.0031670758614131267,-0.00013696567525341524,-0.0,0.13945860673248917
3498.4,0.21323,0.19138588235294118,0.18825210258752478,0.05002975895347393,0.0031337797654164,-0.00013182854770072208,-0.0,0.13835417218175156
3499.3,0.20268,0.19068470588235292,0.18735721628788574,0.049869999531479116,0.0033274895944671867,-0.00012839322577762482,-0.0,0.13761560998218425
3500.2,0.19498,0.18909470588235291,0.18664780815429882,0.049710240109484376,0.0024468977280540927,-0.00012582466200127955,-0.0,0.13706339270681572
3501.1,0.19407,0.18794823529411764,0.18535500557579432,0.04955048068748956,0.00259322971832332,-0.00012075366608955385,-0.0,0.1359252785543943
3501.9,0.1834,0.1871264705882353,0.18406907509670764,0.04940847231238304,0.00305739549152767,-0.00011663642937682838,-0.0,0.13477723921370144
3502.8,0.18562,0.18649529411764706,0.1833596669631204,0.04924871289038822,0.003135627154526671,-0.0001140678656004818,-0.0,0.13422502193833263
3503.7,0.1864,0.18530882352941175,0.18238282924114552,0.04908895346839349,0.0029259942882662315,-0.00011024957642868095,-0.0,0.13340412534918072
3504.6,0.17885,0.18380235294117647,0.18088727710755206,0.04892919404639867,0.0029150758336244087,-0.00010511244887598785,-0.0,0.13206319551002937
3505.5,0.1718,0.18228882352941175,0.1799927026459882,0.048769434624403855,0.0022961208834235414,-0.00010202567322453604,-0.0,0.1313252936948089
3506.4,0.18283,0.17964,0.17918238273742598,0.04860967520240904,0.0004576172625740116,-9.9174694817509e-05,-0.0,0.13067188222983447
3507.3,0.17647,0.17775117647058825,0.1776534896156565,0.04844991578041422,9.768685493175e-05,-9.358241534243365e-05,-0.0,0.12929715625058472
3508.2,0.17808,0.17637882352941178,0.17654956924539256,0.04829015635841949,-0.0001707457159807746,-8.853798049962115e-05,-0.0,0.1283479508674727
3509.1,0.17546,0.17475294117647058,0.17565608868668234,0.04813039693642467,-0.0009031475102117548,-8.596941672327458e-05,-0.0,0.12761166116698092
3510.0,0.1751,0.17375941176470586,0.1744945111362065,0.047970637514429856,-0.0007350993715006526,-8.151718530467735e-05,-0.0,0.1266053908070813
3510.9,0.16829,0.17156470588235292,0.1729508959080671,0.04781087809243504,-0.0013861900257141624,-7.505028777470491e-05,-0.0,0.12521506810340677
3511.8,0.16304,0.16977705882352936,0.17224148777447978,0.04765111867044022,-0.0024644289509504202,-7.248172399835838e-05,-0.0,0.12466285082803794
3512.7,0.16861,0.16878235294117647,0.17120525992053606,0.04749135924844549,-0.002422906979359596,-6.838589875955604e-05,-0.0,0.12378228657085012
3513.6,0.1682,0.16732294117647056,0.16957889282087446,0.047331599826450674,-0.0022559516444038974,-6.241417544287662e-05,-0.0,0.12230970716986665
3514.4,0.17057,0.16547882352941173,0.16864450017509902,0.04718959145134415,-0.0031656766456872876,-5.8802231445889245e-05,-0.0,0.12151371095520075
3515.3,0.17165,0.16377529411764702,0.1679359482294372,0.047029832029349336,-0.004160654111790174,-5.537747974409384e-05,-0.0,0.12096149367983196
3516.2,0.16643,0.16194529411764705,0.16642908508631332,0.046870072607354596,-0.004483790968666274,-5.04219431727425e-05,-0.0,0.11960943442213147
3517.1,0.16651,0.1601382352941176,0.16480359576673861,0.04671031318535978,-0.004665360472621005,-4.357243976915168e-05,-0.0,0.11813685502114797
3518.0,0.14831,0.15852529411764704,0.16348646341490677,0.04655055376336497,-0.004961169297259732,-3.816391952593912e-05,-0.0,0.11697407357106775
3518.9,0.15601,0.15746470588235292,0.16277705528131933,0.046390794341370147,-0.0053123493989664095,-3.559535574959178e-05,-0.0,0.11642185629569876
3519.8,0.16194,0.15656176470588234,0.16147374582804153,0.04623103491937534,-0.004911981122159181,-3.0251431303224047e-05,-0.0,0.11527296233996942
3520.7,0.14699,0.15487176470588235,0.15984825650846785,0.0460712754973806,-0.004976491802585498,-2.3401927899637492e-05,-0.0,0.11380038293898688
3521.6,0.15148,0.15343470588235292,0.15892632372620338,0.04591151607538578,-0.005491617843850466,-1.9840215039776364e-05,-0.0,0.11303464786585737
3522.5,0.14751,0.15127941176470588,0.15793460109080423,0.045751756653390964,-0.006655189326098349,-1.5484922488332368e-05,-0.0,0.11219832935990161
3523.4,0.14697,0.1494470588235294,0.1565198520701199,0.04559199723139615,-0.007072793246590492,-8.635419084741546e-06,-0.0,0.1109364902578085
3524.3,0.14474,0.14801176470588234,0.15532192530218178,0.04543223780940133,-0.0073101605962994365,-3.7839585385136207e-06,-0.0,0.10989347145131897
3525.2,0.14768,0.14626176470588234,0.15442930093139748,0.0452724783874066,-0.008167536225515137,-3.5920683671994154e-07,-0.0,0.1091571817508276
3526.1,0.15026,0.14547823529411763,0.1528994412120937,0.04511271896541178,-0.00742120591797607,6.1310897301509365e-06,-0.0,0.10778059115695177
3527.0,0.14769,0.14409,0.15171752687816065,0.044952959543416965,-0.007627526878160651,1.2272297962747393e-05,-0.0,0.10675229503678092
3527.9,0.13988,0.14176411764705885,0.1508249025073759,0.04479320012142215,-0.009060784860317056,1.5697049664542802e-05,-0.0,0.1060160053362892
3528.8,0.14377,0.14144705882352943,0.14955227408907046,0.04463344069942733,-0.008105215265541033,2.089759854504688e-05,-0.0,0.10489793579109807
3529.7,0.13393,0.14059941176470586,0.14817505043773713,0.0444736812774326,-0.007575638673031265,2.7747101948637002e-05,-0.0,0.10367362205835588
3530.6,0.1405,0.13912117647058822,0.147221214908151,0.04431392185543778,-0.008100038437562768,3.2464130962411305e-05,-0.0,0.1028748289217508
3531.4,0.14203,0.13871,0.1464059250754686,0.04417191348033126,-0.007695925075468596,3.634855177518031e-05,-0.0,0.10219766304336216
3532.3,0.13676,0.1378594117647059,0.14484915457409483,0.044012154058336445,-0.006989742809388938,4.319805517876855e-05,-0.0,0.10079380246057962
3533.2,0.13499,0.13679176470588233,0.14371702490120813,0.04385239463634171,-0.0069252601953258,4.91677909324671e-05,-0.0,0.09981546247393397
3534.1,0.13241,0.13554764705882355,0.14282525671834886,0.043692635214346895,-0.007277609659525314,5.344873055971138e-05,-0.0,0.09907917277344226
3535.0,0.1224,0.13375529411764706,0.1416943228737709,0.04353287579235208,-0.007939028756123845,5.941006434263019e-05,-0.0,0.0981020370170762
3535.9,0.1416,0.13293647058823532,0.14014014374094785,0.04337311637035726,-0.007203673152712531,6.76467060186036e-05,-0.0,0.09669938066457197
3536.8,0.13707,0.1313394117647059,0.13922259985121646,0.043213356948362446,-0.007883188086510562,7.12465439501664e-05,-0.0,0.09593799635890385
3537.7,0.12238,0.12961117647058826,0.13822919745801956,0.043053597526367705,-0.008618020987431307,7.60974624337603e-05,-0.0,0.09509950246921811
3538.6,0.13998,0.1284694117647059,0.13697356536454172,0.04289383810437289,-0.008504153599835834,8.465934168824813e-05,-0.0,0.09399506791848058
3539.5,0.13028,0.12760529411764707,0.13550097759008606,0.04273407868237807,-0.007895683472438991,9.32212209427388e-05,-0.0,0.09267367768676524
3540.4,0.12953,0.1260894117647059,0.13455920116723535,0.042574319260383256,-0.00846978940252946,9.795505389806924e-05,-0.0,0.091886926852954
3541.3,0.12911,0.12489529411764708,0.13381953429072216,0.04241455983838844,-0.008924240173075082,0.00010167197735790512,-0.0,0.09130330247497583
3542.2,0.11722,0.12423764705882355,0.1324855883829481,0.042254800416393706,-0.008247941324124555,0.00011023385661238529,-0.0,0.09012055410994202
3543.1,0.12596,0.1242158823529412,0.1311994574857215,0.04209504099439889,-0.006983575132780306,0.00011721788189220213,-0.0,0.08898719860943041
3544.0,0.11662,0.12218235294117649,0.13049176172798513,0.04193528157240407,-0.008309408786808636,0.00012149882151944639,-0.0,0.08843498133406161
3544.9,0.10455,0.1208629411764706,0.12941131662377556,0.04177552215040926,-0.008548375447304954,0.00012869199263100523,-0.0,0.08750710248073529
3545.8,0.12109,0.1206364705882353,0.12815568453029763,0.04161576272841444,-0.007519213942062328,0.00013725387188549376,-0.0,0.08640266792999769
3546.7,0.12734,0.11853705882352944,0.1274444439652568,0.04145600330641971,-0.00890738514172737,0.0001424184639448137,-0.0,0.08584602219489229
3547.6,0.11099,0.11665176470588239,0.12657094565500976,0.04129624388442489,-0.009919180949127374,0.00014859562899858996,-0.0,0.08512610614158626
3548.5,0.11469,0.11560000000000002,0.12531531356153183,0.041136484462430074,-0.00971531356153181,0.00015715750825307849,-0.0,0.08402167159084867
3549.4,0.12123,0.11412647058823532,0.1243973999441567,0.04097672504043526,-0.010270929355921388,0.0001636118479987696,-0.0,0.08325706305572267
3550.3,0.12203,0.11348235294117648,0.12369056037434578,0.04081696561844044,-0.010208207433169303,0.0001687489755514627,-0.0,0.08270484578035388
3551.2,0.10703,0.11257176470588237,0.12247508461317529,0.04065720619644571,-0.009903319907292915,0.00017720316502994917,-0.0,0.08164067525169963
3552.1,0.11464,0.11178647058823529,0.12135159697545034,0.04049744677445089,-0.009565126387215045,0.00018604628444608478,-0.0,0.08066810391655337
3553.0,0.11853,0.11137729411764707,0.12064390121771396,0.040337687352456075,-0.009266607100066881,0.00019032722407332905,-0.0,0.08011588664118455
3553.9,0.10429,0.1106484705882353,0.11963551427091462,0.04017792793046126,-0.008987043682679316,0.00019790742790332395,-0.0,0.07925967891255004
3554.8,0.09823,0.10897017647058824,0.1186416306013562,0.04001816850846644,-0.009671454130767962,0.00020818168300871018,-0.0,0.07841528040988105
3555.7,0.11165,0.10816229411764705,0.11791013243719864,0.03985840908647171,-0.009747838319551588,0.0002140267443573075,-0.0,0.07783769660636962
3556.6,0.10406,0.10720029411764706,0.11710786076028608,0.03969864966447689,-0.009907566642639018,0.0002197594180537753,-0.0,0.0771894516777554
3557.5,0.10627,0.10572405882352941,0.1159747521453442,0.039538890242482076,-0.010250693321814788,0.00022945059445589572,-0.0,0.07620641130840622
3558.4,0.11048,0.10438623529411765,0.11491108820245831,0.03937913082048726,-0.010524852908340654,0.00024060570133643515,-0.0,0.07529135168063461
3559.3,0.10327,0.10363641176470588,0.11412616463244099,0.03921937139849244,-0.010489752867735111,0.00024758475770880127,-0.0,0.07465920847623976
3560.2,0.097594,0.1025515882352941,0.11360339748775336,0.0390596119764977,-0.011051809252459258,0.00025272188526149017,-0.0,0.07429106362599418
3561.1,0.1087,0.10098258823529412,0.11242386052550127,0.03889985255450289,-0.011441272290207152,0.00026275546455877463,-0.0,0.07326125250643961
3562.0,0.098809,0.10065052941176471,0.11163445565027491,0.03874009313250807,-0.010983926238510203,0.00027189590532794073,-0.0,0.0726224666124389
3562.9,0.097256,0.10031747058823529,0.11111254469351249,0.038580333710513254,-0.010795074105277205,0.0002778892208060809,-0.0,0.07225432176219315
3563.8,0.098336,0.09980276470588235,0.11016859133204773,0.03842057428851844,-0.010365826626165378,0.000286350728130087,-0.0,0.0714616663153992
3564.7,0.096134,0.09884170588235294,0.10918555681082695,0.038260814866523704,-0.010343850928474008,0.00029787913547574165,-0.0,0.0706268628088275
3565.6,0.099287,0.09815970588235294,0.10862317751225578,0.03810105544452889,-0.01046347162990284,0.0003045421693343178,-0.0,0.07021757989839257
3566.4,0.094283,0.0970790588235294,0.10812708069975788,0.037959047069422366,-0.011048021876228484,0.00031040204706149607,-0.0,0.06985763158327402
3567.3,0.096198,0.09630747058823529,0.1072430182082274,0.03779928764742755,-0.010935547619992117,0.0003223886780177837,-0.0,0.06912134188278206
3568.2,0.091857,0.09599782352941176,0.10650401504200929,0.03763952822543282,-0.010506191512597532,0.0003319746942695095,-0.0,0.06853251212230697
3569.2,0.098645,0.09482523529411764,0.10592411397893986,0.037462017756549705,-0.01109887868482222,0.00033863393368966657,-0.0,0.0681234622887005
3570.1,0.092568,0.09414094117647057,0.10510402127417748,0.03730225833455489,-0.010963080097706912,0.0003495619163278774,-0.0,0.06745220102329472
3570.9,0.1029,0.09354476470588234,0.10432686246545564,0.03716024995944837,-0.010782097759573298,0.00036007314314671934,-0.0,0.06680653936286056
3571.8,0.087722,0.0930325294117647,0.10380495150869312,0.03700049053745355,-0.010772422096928427,0.0003660664586248613,-0.0,0.0664383945126147
3572.8,0.094676,0.09248523529411766,0.10306325350585288,0.03682298006857044,-0.010578018211735221,0.00037540330675394257,-0.0,0.0658648701305285
3573.7,0.092109,0.09149764705882354,0.10218022292088451,0.036663220646575706,-0.010682575862060964,0.00038842184427184364,-0.0,0.06512858043003696
3574.6,0.090153,0.0909168823529412,0.10157125432618164,0.03650346122458089,-0.010654371973240442,0.00039627633179305536,-0.0,0.06467151676980767
3575.5,0.09233,0.08992223529411765,0.10104988407689337,0.03634370180258607,-0.011127648782775723,0.0004028103547454848,-0.0,0.06430337191956181
3576.4,0.088766,0.08968411764705883,0.1004524703837689,0.03618394238059126,-0.010768352736710063,0.0004165093615526664,-0.0,0.06385201864162496
3577.3,0.087176,0.08843811764705883,0.0997080888087905,0.03602418295859644,-0.01126997116173166,0.0004275927354783862,-0.0,0.06325631311471566
3578.2,0.087121,0.08788464705882353,0.09918703403995369,0.03586442353660171,-0.01130238698113016,0.0004344422388819735,-0.0,0.06288816826447
3579.1,0.089628,0.08677247058823528,0.09866954224878925,0.03570466411460689,-0.011897071660553968,0.0004448547199582296,-0.0,0.06252002341422414
3580.0,0.08683,0.08660729411764706,0.09784236773097435,0.035544904692612074,-0.01123507361332729,0.000458295885640664,-0.0,0.061839167152721614
3580.9,0.082498,0.08532188235294116,0.09704802900990868,0.03538514527061726,-0.011726146656967515,0.000471029207870961,-0.0,0.06119185453142046
3581.8,0.08441,0.08462823529411764,0.09671190285412001,0.03522538584862244,-0.01208366756000237,0.0004787348991999984,-0.0,0.06100778210629758
3582.7,0.079289,0.08396494117647059,0.09611750619455728,0.0350656264266277,-0.012152565018086689,0.0004892744036194151,-0.0,0.06056260536431016
3583.6,0.087809,0.08285147058823529,0.09546660136934552,0.034905867004632884,-0.012615130781110234,0.0005029734104266048,-0.0,0.060057760954286034
3584.5,0.077463,0.082026,0.09494702245636477,0.03474610758263807,-0.01292102245636477,0.0005112987696864902,-0.0,0.0596896161040402
3585.4,0.083159,0.08153782352941176,0.09442679162272669,0.03458634816064325,-0.012888968093314926,0.0005189722082889926,-0.0,0.059321471253794444
3586.3,0.083993,0.08140170588235295,0.09382106364681447,0.034426588738648435,-0.012419357764461528,0.0005339519284053608,-0.0,0.058860522979760674
3587.2,0.084914,0.08081841176470589,0.0931615374025016,0.0342668293166537,-0.012343125637795715,0.000545206052059799,-0.0,0.058349502033788095
3588.1,0.072824,0.07984082352941177,0.09282541124671288,0.034107069894658885,-0.012984587717301113,0.0005529117433888388,-0.0,0.05816542960866516
3589.0,0.080317,0.07968435294117648,0.09236113277185934,0.03394731047266407,-0.012676779830682855,0.0005649304463841148,-0.0,0.05784889185281116
3589.9,0.078877,0.07961958823529412,0.09154318472921841,0.03378755105066925,-0.011923596493924285,0.0005798871288386711,-0.0,0.057175746549710485
3590.8,0.073401,0.07942994117647058,0.0912070585734297,0.033627791628674436,-0.011777117396959122,0.0005875928201677108,-0.0,0.05699167412458755
3591.7,0.074733,0.07855217647058822,0.09068414259388768,0.0334680322066797,-0.012131966123299462,0.00059794187991615,-0.0,0.05661816850729184
3592.6,0.078877,0.07821982352941177,0.08998631510402635,0.033308272784684886,-0.011766491574614582,0.0006124989718679889,-0.0,0.05606554334747349
3593.5,0.084807,0.07737517647058825,0.08958870590014668,0.03314851336269007,-0.012213529429558431,0.0006222738969465791,-0.0,0.055817918640510035
3594.4,0.079712,0.07678582352941177,0.08925257974435799,0.03298875394069525,-0.012466756214946223,0.0006299795882756188,-0.0,0.05563384621538711
3595.3,0.070211,0.07626970588235295,0.08843523572249509,0.03282899451870044,-0.012165529840142145,0.0006451324070587761,-0.0,0.05496110879673588
3596.2,0.079838,0.07623582352941177,0.08797179872721264,0.032669235096705704,-0.011735975197800869,0.0006584004740744164,-0.0,0.05464416315643252
3597.1,0.083309,0.0755695294117647,0.08763567257142393,0.03250947567471089,-0.012066143159659232,0.0006661061654034561,-0.0,0.0544600907313096
3598.0,0.076065,0.07513141176470588,0.08697836674329365,0.03234971625271607,-0.011846954978587773,0.0006783570518922843,-0.0,0.05395029343868529
3598.9,0.072887,0.0752005294117647,0.08637225466102422,0.032189956830721254,-0.011171725249259523,0.0006937684345503637,-0.0,0.053488529395752604
3599.8,0.071813,0.0756774117647059,0.08585931944833465,0.03203019740872644,-0.010181907683628755,0.0007087374941016622,-0.0,0.05312038454550655
3600.7,0.0688,0.07465200000000001,0.08533912086742326,0.0318704379867317,-0.010687120867423253,0.0007164431854306981,-0.0,0.05275223969526086
3601.6,0.073974,0.07388511764705882,0.08482176648913585,0.03171067856473689,-0.010936648842077026,0.0007269930793838761,-0.0,0.052384094845015085
3602.5,0.07614,0.07340394117647059,0.08430927359955323,0.03155091914274207,-0.010905332423082642,0.0007424044620419559,-0.0,0.0520159499947692
3603.4,0.072248,0.07326888235294117,0.08379153462782915,0.031391159720747255,-0.01052265227488798,0.0007525697625585376,-0.0,0.05164780514452335
3604.3,0.06899,0.07293041176470587,0.0832713360469176,0.031231400298752435,-0.010340924282211728,0.000760275453887575,-0.0,0.051279660294277586
3605.2,0.071429,0.07204723529411763,0.08270391371088887,0.031071640876757702,-0.010656678416771231,0.0007753750601891243,-0.0,0.05085689777394204
3606.2,0.074576,0.07190535294117646,0.08195038314087948,0.03089413040787459,-0.010045030199703014,0.0007881070272628554,-0.0,0.05026814570574203
3607.1,0.08284,0.07138523529411765,0.08161425698509077,0.030734370985879774,-0.010229021690973117,0.0007958127185918951,-0.0,0.0500840732806191
3608.0,0.061445,0.07100252941176471,0.08088225820990408,0.030574611563884958,-0.009879728798139364,0.0008091206272109096,-0.0,0.04949852601880821
3608.9,0.07177,0.07069364705882353,0.08032634770161391,0.03041485214189014,-0.009632700642790384,0.0008242336043907004,-0.0,0.04908726195533306
3609.8,0.071532,0.070168,0.07980614912070237,0.030255092719895325,-0.009638149120702377,0.0008319392957197378,-0.0,0.048719117105087306
3610.7,0.067915,0.06924764705882352,0.07928805076145426,0.030095333297900588,-0.010040403702630735,0.0008417452087120551,-0.0,0.04835097225484162
3611.6,0.074084,0.06870823529411764,0.07858832866451843,0.02993557387590577,-0.009880093370400786,0.000856311154353531,-0.0,0.04779644363425912
3612.5,0.068295,0.0685394705882353,0.07806766112735103,0.02977581445391096,-0.00952819053911573,0.000866053465330493,-0.0,0.04742579320810958
3613.4,0.073653,0.06806229411764707,0.07773067878363688,0.02961605503191614,-0.009668384665989807,0.0008729029687340838,-0.0,0.04724172078298665
3614.3,0.064045,0.0672274117647059,0.07691178759327197,0.029456295609921326,-0.009684375828566072,0.0008878682338469698,-0.0,0.04656762374950367
3615.2,0.065307,0.0660154705882353,0.07639562656586668,0.02929653618792659,-0.01038015597763138,0.0008996114786819847,-0.0,0.046199478899258115
3616.1,0.063549,0.06617529411764707,0.07587457179702949,0.029136776765931773,-0.009699277679382418,0.0009064609820855777,-0.0,0.045831334049012136
3617.0,0.065038,0.06597647058823529,0.07513876134434616,0.028977017343936956,-0.009162290756110872,0.0009184239429736469,-0.0,0.045243320057435546
3617.9,0.060494,0.06558923529411764,0.07453407892474118,0.02881725792194214,-0.008944843630623533,0.0009325457586328998,-0.0,0.044784275244166144
3618.8,0.063078,0.06565076470588235,0.0740128696680544,0.028657498499947323,-0.008362104962172046,0.0009392407741866917,-0.0,0.04441613039392038
3619.7,0.066121,0.0651409411764706,0.07341143161608342,0.02849773907795259,-0.008270490439612824,0.0009469342691065288,-0.0,0.043966758269024304
3620.6,0.063317,0.06503558823529412,0.0725290815004038,0.028337979655957773,-0.007493493265109674,0.0009606332759137156,-0.0,0.043230468568532306
3621.5,0.060383,0.06441000000000001,0.07184179858250034,0.028178220233962954,-0.007431798582500329,0.0009734207140633284,-0.0,0.04269015763447405
3622.4,0.062237,0.0642074705882353,0.07132234560873746,0.02801846081196814,-0.007114875020502162,0.0009818720125411209,-0.0,0.04232201278422819
3623.3,0.064162,0.064362,0.07080129083990036,0.027858701389973324,-0.006439290839900358,0.0009887215159447116,-0.0,0.04195386793398232
3624.3,0.06839,0.06419405882352942,0.06981903748672008,0.027681190921090212,-0.005624978663190658,0.0010020394527223938,-0.0,0.04113580711290747
3625.2,0.064949,0.06436188235294119,0.06908805920414654,0.027521431499095476,-0.004726176851205355,0.001011492663629561,-0.0,0.040555135041421504
3626.1,0.068961,0.06462817647058823,0.0685661482473839,0.027361672077100663,-0.003937971776795668,0.0010174859791077047,-0.0,0.04018699019117553
3627.0,0.065417,0.06449223529411764,0.06804863883918393,0.027201912655105843,-0.0035564035450662834,0.0010278808431484574,-0.0,0.03981884534092963
3627.9,0.066504,0.0646890588235294,0.0672202302315982,0.02704215323311103,-0.0025311714080687997,0.0010381456121578041,-0.0,0.03913993138632937
3628.8,0.063018,0.0646794705882353,0.06669831927483566,0.026882393811116213,-0.0020188486866003635,0.0010441389276359457,-0.0,0.0387717865360835
3629.7,0.060602,0.06521158823529412,0.06604621284261633,0.026722634389121477,-0.0008346246073222124,0.0010516640217651317,-0.0,0.03827191443172972
3630.6,0.067934,0.06581394117647059,0.06516043797523516,0.02656287496712666,0.0006535032012354308,0.001061938276870518,-0.0,0.03753562473123798
3631.5,0.060694,0.06580982352941177,0.06451770246635219,0.026403115545131844,0.0012921210630595786,0.0010687731445830765,-0.0,0.03704581377663727
3632.4,0.067891,0.06521823529411765,0.06399493532166421,0.026243356123137027,0.0012232999724534344,0.0010739102721357696,-0.0,0.03667766892639141
3633.3,0.065021,0.06500994117647059,0.06311453307935769,0.02608359670114221,0.0018954080971129023,0.001082642539743893,-0.0,0.03594829383847158
3634.2,0.060767,0.064906,0.06233483953101396,0.025923837279147474,0.0025711604689860473,0.0010911612346754535,-0.0,0.03531984101719103
3635.2,0.069467,0.06487858823529412,0.061753035828110064,0.025746326810264366,0.003125552407184054,0.0010959178342612814,-0.0,0.03491079118358442
3636.1,0.063154,0.06435411764705881,0.06096898315016332,0.02558656738826955,0.003385134496895495,0.0011032627829094788,-0.0,0.03427915297898428
3637.0,0.069429,0.06392288235294116,0.060091454966538525,0.02542680796627473,0.0038314273864026374,0.0011116837258799452,-0.0,0.033552963274383854
3637.9,0.072477,0.06408729411764706,0.05956697544599965,0.025267048544279917,0.004520318671647414,0.0011151084775817405,-0.0,0.033184818424137986
3638.8,0.064092,0.06352176470588235,0.05904365738499123,0.0251072891222851,0.004478107320891114,0.0011196946888139326,-0.0,0.0328166735738922
3639.7,0.058333,0.0637435294117647,0.058341222987855774,0.024947529700290363,0.005402306423908924,0.0011273917974846464,-0.0,0.032266301490080765
3640.6,0.061408,0.06358835294117647,0.05745150678308574,0.024787770278295547,0.006136846158090729,0.001133724715201024,-0.0,0.03153001178958917
3641.5,0.067194,0.06354576470588234,0.056856192157229646,0.024628010856300734,0.0066895725486526975,0.0011374804864827327,-0.0,0.03109070081444618
3642.4,0.064951,0.06359570588235293,0.05628833000122925,0.024468251434305914,0.007307375881123679,0.0011411079696084698,-0.0,0.030678970597314864
3643.3,0.057588,0.06303688235294116,0.05539741800629476,0.024308492012311098,0.007639464346646405,0.001146245097161167,-0.0,0.02994268089682249
3644.2,0.055687,0.06279241176470586,0.05466373814638821,0.024148732590316364,0.00812867361831765,0.001150277501072158,-0.0,0.029364728054999685
3645.2,0.063397,0.06223394117647058,0.05408003180365011,0.023971222121433253,0.00815390937282047,0.001153131460823654,-0.0,0.028955678221393208
3646.1,0.05832,0.061721705882352935,0.05324287851042983,0.023811462699438436,0.008478827371923105,0.001157875773656516,-0.0,0.028273540037334885
3647.0,0.064464,0.061353705882352935,0.052440872230101215,0.02365170327744362,0.00891283365225172,0.0011610186527902602,-0.0,0.027628150299867333
3647.9,0.065253,0.06131870588235294,0.0520987527588343,0.023491943855448803,0.009219953123518643,0.001162731028641158,-0.0,0.027444077874744344
3648.8,0.064297,0.061240588235294116,0.051494421710441204,0.023332184433453987,0.009746166524852912,0.0011652590280639625,-0.0,0.02699697824892326
3649.7,0.061616,0.060427352941176474,0.050600714840583066,0.023172425011459254,0.009826638100593407,0.0011676012806919223,-0.0,0.026260688548431894
3650.6,0.059967,0.060098823529411774,0.049995806365574276,0.023012665589464434,0.010103017163837498,0.0011686389692549387,-0.0,0.025814501806854906
3651.5,0.058998,0.0603344705882353,0.04946884365612333,0.02285290616746962,0.010865626932111974,0.0011695805320447491,-0.0,0.02544635695660896
3652.4,0.059935,0.060365,0.04884856641339035,0.022693146745474804,0.01151643358660965,0.001171292907895646,-0.0,0.024984126760019904
3653.3,0.063769,0.06031905882352941,0.04810498625825694,0.022533387323479988,0.012214072565272474,0.0011723007830139642,-0.0,0.024399298151762987
3654.2,0.057836,0.060167000000000005,0.047577081986016526,0.02237362790148525,0.01258991801398348,0.0011723007830139642,-0.0,0.024031153301517307
3655.2,0.057738,0.05945652941176471,0.0469919501992468,0.02219611743260214,0.01246457921251791,0.0011737292987338331,-0.0,0.023622103467910827
3656.1,0.06008,0.05868994117647059,0.04618003096630202,0.022036358010607323,0.01250991021016857,0.00117362133792652,-0.0,0.022970051617768175
3657.0,0.053369,0.05769782352941177,0.04583534293125882,0.02187659858861251,0.011862480598152945,0.001172765150001071,-0.0,0.02278597919264524
3657.9,0.059366,0.057196941176470596,0.045238333166106724,0.02171683916661769,0.011958608010363872,0.0011723007830139642,-0.0,0.02234919321647507
3658.8,0.061594,0.056564352941176475,0.044567084972831045,0.021557079744622874,0.01199726796834543,0.0011712502656353505,-0.0,0.021838754962572825
3659.7,0.056206,0.05595700000000001,0.04403812702118004,0.02139732032262814,0.011918872978819967,0.0011701965862247244,-0.0,0.021470610112327176
3660.6,0.062616,0.055324000000000005,0.04350915840896376,0.021237560900633324,0.011814841591036247,0.0011691322462490247,-0.0,0.021102465262081406
3661.5,0.055735,0.05451564705882353,0.04289102544864738,0.021077801478638507,0.011624621610176147,0.001166113138082659,-0.0,0.020647110831926222
3662.4,0.052386,0.05388158823529412,0.04213717675707347,0.02091804205664369,0.011744411478220647,0.001163728243194404,-0.0,0.020055406457235376
3663.3,0.052221,0.05359623529411765,0.04170729796624674,0.020758282634648875,0.011888937327870913,0.0011607731887622514,-0.0,0.019788242142835616
3664.3,0.047431,0.05282629411764707,0.04132240862080896,0.020580772165765763,0.01150388549683811,0.0011579192290107564,-0.0,0.019583717226032436
3665.2,0.053101,0.0523614705882353,0.04048538071820179,0.02042101274377103,0.01187608987003351,0.0011543010512935154,-0.0,0.01891006692313725
3666.1,0.049213,0.05144500000000001,0.040005420981953886,0.020261253321776213,0.011439579018046125,0.0011501334930998927,-0.0,0.01859403416707778
3667.0,0.048673,0.05035188235294119,0.039659876758985295,0.020101493899781397,0.010692005593955896,0.0011484211172489952,-0.0,0.018409961741954906
3667.9,0.049174,0.04930241176470589,0.039201789088888606,0.01994173447778658,0.010100622675817288,0.0011436531343479214,-0.0,0.01811640147675411
3668.8,0.050027,0.04771082352941177,0.038668320724429606,0.019781975055791764,0.009042502804982165,0.0011380890421296501,-0.0,0.01774825662650819
3669.7,0.047057,0.04696311764705883,0.03830447134063658,0.019622215633797027,0.008658646306422248,0.0011352803446078325,-0.0,0.017546975362231727
3670.7,0.052887,0.046396117647058824,0.03785755278222158,0.019444705164913915,0.008538564864837242,0.0011310165702972344,-0.0,0.017281831047010435
3671.6,0.046991,0.046067235294117645,0.03732279900657731,0.0192849457429191,0.008744436287540333,0.0011241670668936438,-0.0,0.01691368619676457
3672.5,0.045467,0.045683352941176474,0.03690768689048381,0.019125186320924286,0.008775666050692667,0.0011189640787313,-0.0,0.016663536490828218
3673.4,0.043786,0.044935352941176475,0.03655957410373881,0.018965426898929466,0.008375778837437668,0.0011146831391040557,-0.0,0.01647946406570528
3674.3,0.043011,0.044709058823529414,0.03603345735756325,0.018805667476934653,0.008675601465966166,0.0011077691302473888,-0.0,0.01612002075038121
3675.2,0.038365,0.04376570588235294,0.03554702382599087,0.018645908054939913,0.008218682056362073,0.0011005656599458497,-0.0,0.015800550111105108
3676.1,0.035559,0.04334105882352941,0.03519976722717133,0.0184861486329451,0.008141291596358083,0.0010971409082440543,-0.0,0.015616477685982172
3677.0,0.043024,0.042773117647058816,0.03474251445553809,0.018326389210950284,0.008030603191520727,0.0010897699405895717,-0.0,0.015326355303998233
3677.9,0.042747,0.04211817647058823,0.03420558935768206,0.018166629788955467,0.00791258711290617,0.001080749114974284,-0.0,0.014958210453752304
3678.9,0.04663,0.040601941176470584,0.03398154866732496,0.01798911932007236,0.006620392509145624,0.0010755123382412857,-0.0,0.014916917009011316
3679.8,0.040905,0.03996358823529411,0.03370128347085087,0.01782935989807754,0.006262304764443241,0.0010693695941645673,-0.0,0.014802553978608768
3680.7,0.040385,0.039231058823529404,0.03316310494350508,0.017669600476082806,0.006067953880024325,0.001059095339059186,-0.0,0.014434409128363086
3681.6,0.045366,0.038517764705882356,0.032855106633476586,0.01750984105408799,0.00566265807240577,0.0010498867790860805,-0.0,0.014295378800302514
3682.5,0.032636,0.03790747058823529,0.03254553905414025,0.01735008163209317,0.005361931534095039,0.0010433237557828997,-0.0,0.014152133666264183
3683.4,0.041955,0.03767623529411764,0.03217878057226951,0.017190322210098356,0.005497454721848136,0.0010369455758368425,-0.0,0.013951512786334308
3684.3,0.040372,0.03741147058823529,0.03173107470042871,0.01703056278810354,0.005680395887806576,0.0010266713207314595,-0.0,0.013673840591593711
3685.3,0.035923,0.036695058823529414,0.03144996660209707,0.016853052319220425,0.0052450922214323445,0.0010174503836616112,-0.0,0.013579463899215032
3686.2,0.027111,0.036192588235294115,0.031100141439501353,0.01669329289722569,0.005092446795792762,0.0010114570681834722,-0.0,0.013395391474092189
3687.1,0.036139,0.03498158823529411,0.030898539435729733,0.01653353347523088,0.004083048799564379,0.0010019344732595506,-0.0,0.013363071487239305
3688.0,0.033014,0.03450270588235294,0.030416873871254343,0.016373774053236062,0.004085832011098599,0.0009907974351333739,-0.0,0.013052302382884908
3688.9,0.03166,0.03404741176470589,0.03025112113378138,0.016214014631241242,0.003796290630924508,0.0009848041196552336,-0.0,0.013052302382884908
3689.8,0.032636,0.03322617647058824,0.03008268446353548,0.01605425520924643,0.003143492007052759,0.0009761268714041426,-0.0,0.013052302382884908
3690.7,0.034434,0.03301035294117647,0.02968869965483309,0.01589449578725169,0.0033216532863433804,0.0009641402404478621,-0.0,0.012830063627133537
3691.7,0.031058,0.032136,0.029414558343735096,0.015716985318368584,0.0027214416562649016,0.0009560397468360097,-0.0,0.012741533278530502
3692.6,0.030845,0.03146558823529411,0.029180274453382435,0.015557225896373764,0.0022853137819116784,0.0009486414050186707,-0.0,0.012674407151989999
3693.5,0.034205,0.030920117647058817,0.028763752150343845,0.015397466474378948,0.0021563654967149716,0.0009355215017887924,-0.0,0.012430764174176103
3694.4,0.026043,0.03066188235294117,0.02859454403463045,0.015237707052384135,0.00206733831831072,0.0009260728080702111,-0.0,0.012430764174176103
3695.3,0.032764,0.03029282352941176,0.02842793510923204,0.015077947630389317,0.0018648884201797195,0.0009192233046666224,-0.0,0.012430764174176103
3696.2,0.032645,0.029813588235294116,0.02825718699358444,0.014918188208394582,0.0015564012417096755,0.000908234611013758,-0.0,0.012430764174176103
3697.2,0.031405,0.02976170588235294,0.027755513233425837,0.01474067773951147,0.0020061926489271034,0.0008948404240926707,-0.0,0.012119995069821697
3698.1,0.028967,0.029023764705882353,0.027589760495952877,0.014580918317516652,0.0014340042099294757,0.0008888471086145287,-0.0,0.012119995069821697
3699.0,0.027091,0.028309058823529413,0.02741984471747489,0.014421158895521839,0.0008892141060545221,0.0008786907521313521,-0.0,0.012119995069821697
3699.9,0.028975,0.02808917647058824,0.027246386288672892,0.01426139947352702,0.0008427901819153469,0.0008649917453241736,-0.0,0.012119995069821697
3700.8,0.02665,0.027766411764705887,0.02692194148549478,0.014101640051532202,0.0008444702792111056,0.0008571282234257801,-0.0,0.011963173210536799
3701.7,0.022721,0.027229705882352944,0.02660054457588648,0.013941880629537468,0.0006291613064664629,0.0008494379808817224,-0.0,0.01180922596546729
3702.7,0.029865,0.027182470588235294,0.026408978242297543,0.013764370160654356,0.0007734923459377513,0.0008353821161758958,-0.0,0.01180922596546729
3703.6,0.024867,0.02673270588235294,0.026235519813495548,0.013604610738659543,0.0004971860688573922,0.0008216831093687143,-0.0,0.01180922596546729
3704.5,0.030778,0.026162411764705882,0.026067145932171045,0.013444851316664725,9.526583253483684e-05,0.0008130686500390286,-0.0,0.01180922596546729
3705.4,0.020091,0.025671764705882352,0.025900166958683295,0.013285091894669906,-0.00022840225280094245,0.0008058490985460975,-0.0,0.01180922596546729
3706.3,0.022284,0.02542241176470588,0.025649443561311158,0.013125332472675093,-0.00022703179660527734,0.0007921500917389206,-0.0,0.011731960996897143
3707.2,0.02732,0.02519764705882353,0.025244986048829757,0.012965573050680359,-4.733899000622724e-05,0.0007809561370365047,-0.0,0.011498456861112895
3708.2,0.025358,0.02513494117647059,0.025059865020609324,0.012788062581797247,7.507615586126518e-05,0.0007733455776991823,-0.0,0.011498456861112895
3709.1,0.025081,0.02499088235294118,0.024887854983156998,0.012628303159802429,0.00010302736978418103,0.0007610949622416737,-0.0,0.011498456861112895
3710.0,0.02524,0.024907,0.024715083167020757,0.012468543737807616,0.00019191683297924145,0.0007480825681002476,-0.0,0.011498456861112895
3710.9,0.025118,0.024205352941176473,0.024548474241622348,0.012308784315812797,-0.00034312130044587483,0.0007412330646966567,-0.0,0.011498456861112895
3711.8,0.02295,0.023717000000000002,0.024379043699542753,0.01214902489381798,-0.0006620436995427512,0.0007315619446118787,-0.0,0.011498456861112895
3712.7,0.023064,0.023109117647058825,0.02420655755041307,0.011989265471823246,-0.0010974399033542442,0.0007188352174769281,-0.0,0.011498456861112895
3713.7,0.024728,0.02333041176470588,0.024020016860162398,0.011811755002940133,-0.0006896050954565171,0.0007098049961093723,-0.0,0.011498456861112895
3714.6,0.02327,0.023158294117647058,0.02385240475752181,0.01165199558094532,-0.0006941106398747517,0.0007019523154635964,-0.0,0.011498456861112895
3715.5,0.027909,0.022883705882352938,0.023678946328719808,0.011492236158950501,-0.0007952404463668697,0.0006882533086564123,-0.0,0.011498456861112895
3716.4,0.024201,0.022691588235294116,0.023424683388138336,0.011332476736955683,-0.0007330951528442195,0.0006780847557640462,-0.0,0.011414121895418607
3717.3,0.021295,0.022450647058823527,0.023074858225542505,0.01117271731496087,-0.0006242111667189784,0.000672091440285906,-0.0,0.011230049470295727
3718.2,0.017937,0.022096470588235297,0.02286081144110022,0.011012957892966132,-0.0007643408528649233,0.0006601657913755989,-0.0,0.01118768775675849
3719.2,0.016565,0.021762000000000004,0.022669564563088405,0.010835447424083024,-0.0009075645630884019,0.000646429382246891,-0.0,0.01118768775675849
3720.1,0.020444,0.021312352941176473,0.022503811825615443,0.010675688002088205,-0.0011914588844389694,0.0006404360667687472,-0.0,0.01118768775675849
3721.0,0.023853,0.02086729411764706,0.022334172499079187,0.010515928580093389,-0.0014668783814321268,0.000630556162227309,-0.0,0.01118768775675849
3721.9,0.019358,0.020621411764705885,0.02216184463223763,0.010356169158098576,-0.0015404328675317457,0.0006179877173805679,-0.0,0.01118768775675849
3722.8,0.022652,0.020582647058823532,0.02199009857928653,0.010196409736103758,-0.0014074515204629996,0.0006060010864242853,-0.0,0.01118768775675849
3723.8,0.022092,0.019844764705882357,0.021804833362406288,0.010018899267220644,-0.0019600686565239313,0.0005982463384271566,-0.0,0.01118768775675849
3724.7,0.020985,0.019219411764705888,0.02163619658070591,0.009859139845225911,-0.0024167848160000227,0.0005893689787215112,-0.0,0.01118768775675849
3725.6,0.019219,0.019379000000000004,0.021464450527754808,0.009699380423231093,-0.0020854505277548042,0.0005773823477652239,-0.0,0.01118768775675849
3726.5,0.019432,0.019546470588235297,0.02116690098856632,0.00953962100123628,-0.0016204304003310244,0.0005696296776748423,-0.0,0.0110576503096552
3727.4,0.015306,0.019855882352941178,0.020820307819940993,0.009379861579241462,-0.0009644254669998152,0.00056352758829544,-0.0,0.01087691865240409
3728.3,0.015498,0.019737176470588234,0.020648561766989898,0.009220102157246649,-0.0009113852964016643,0.0005515409573391561,-0.0,0.01087691865240409
3729.3,0.020548,0.019407529411764705,0.020460375645623245,0.009042591688363535,-0.0010528462338585398,0.0005408653048556175,-0.0,0.01087691865240409
3730.2,0.022611,0.01925470588235294,0.020294622908150373,0.008882832266368802,-0.0010399170257974315,0.0005348719893774784,-0.0,0.01087691865240409
3731.1,0.015365,0.018687882352941176,0.020125648060055783,0.008723072844373984,-0.001437765707114607,0.0005256565632777087,-0.0,0.01087691865240409
3732.0,0.01357,0.018307470588235293,0.01995444443111064,0.008563313422379166,-0.0016469738428753454,0.0005142123563273825,-0.0,0.01087691865240409
3732.9,0.024008,0.017904294117647056,0.019788691693637683,0.008403554000384353,-0.0018843975759906262,0.0005082190408492389,-0.0,0.01087691865240409
3733.9,0.020784,0.018125294117647055,0.019602436399362162,0.00822604353150124,-0.0014771422817151068,0.0004994742154568338,-0.0,0.01087691865240409
3734.8,0.021825,0.01781223529411765,0.01919567435701997,0.008066284109506423,-0.001383439062902319,0.0004891999603514476,-0.0,0.010640190287162097
3735.7,0.018426,0.017991,0.018955019904289327,0.007906524687511688,-0.0009640199042893274,0.0004823456687279528,-0.0,0.010566149548049684
3736.6,0.018249,0.017900294117647056,0.018788793765452075,0.00774676526551687,-0.0008884996478050189,0.00047587895188552223,-0.0,0.010566149548049684
3737.5,0.01676,0.017686352941176466,0.018618760088351886,0.007587005843522057,-0.0009324071471754208,0.00046560469678014324,-0.0,0.010566149548049684
3738.5,0.013016,0.01706511764705882,0.018432573907061798,0.007409495374638944,-0.001367456260002977,0.00045692898437316886,-0.0,0.010566149548049684
3739.4,0.015625,0.016937058823529413,0.018267677357514285,0.007249735952644126,-0.0013306185339848724,0.0004517918568204741,-0.0,0.010566149548049684
3740.3,0.014131,0.01692570588235294,0.018098089813113803,0.007089976530649313,-0.0011723839307608633,0.00044231334965719844,-0.0,0.01056579993280729
3741.2,0.022976,0.01656388235294118,0.01761790514859149,0.006930217108654574,-0.0010540227956503112,0.00043230759624163684,-0.0,0.010255380443695278
3742.1,0.01411,0.016412705882352944,0.017450654601725686,0.006770457686659761,-0.0010379487193727423,0.00042481647137064456,-0.0,0.010255380443695278
3743.1,0.018345,0.01633758823529412,0.017267436213339583,0.006592947217776648,-0.0009298479780454616,0.0004191085518676546,-0.0,0.010255380443695278
3744.0,0.013956,0.01620794117647059,0.01709876148725495,0.006433187795781831,-0.0008908203107843571,0.0004101932477778407,-0.0,0.010255380443695278
3744.9,0.016911,0.016040529411764707,0.016921773884312853,0.006273428373787018,-0.0008812444725481462,0.00040164717868342237,-0.0,0.010246698331842411
3745.8,0.01205,0.015925823529411767,0.01657366109756786,0.0061136689517922,-0.0006478375681560934,0.000397366239056178,-0.0,0.010062625906719481
3746.8,0.013188,0.016243058823529413,0.01627056272360281,0.005936158482909087,-2.7503900073395926e-05,0.0003897929013528394,-0.0,0.009944611339340883
3747.7,0.013377,0.016480470588235294,0.01610160070432391,0.005776399060914353,0.0003788698839113855,0.00038059030406867295,-0.0,0.009944611339340883
3748.6,0.017857,0.016476117647058825,0.015936625736382465,0.005616639638919535,0.0005394919106763603,0.0003753747581220482,-0.0,0.009944611339340883
3749.5,0.018214,0.016021764705882353,0.015772185603570146,0.005456880216924722,0.0002495791023122071,0.00037069404730454155,-0.0,0.009944611339340883
3750.4,0.020548,0.016000588235294117,0.015512109724260112,0.005297120794929904,0.0004884785110340056,0.0003621321680500531,-0.0,0.009852856761280154
3751.4,0.016222,0.015615705882352941,0.01510872330030185,0.005119610326046791,0.0005069825820510909,0.0003552707392685851,-0.0,0.009633842234986475
3752.3,0.015403,0.015688529411764705,0.014945539126605244,0.004959850904051978,0.0007429902851594609,0.0003518459875667897,-0.0,0.009633842234986475
3753.2,0.01481,0.015281541176470587,0.014778101929506952,0.004800091482057239,0.0005034392469636349,0.00034416821246323787,-0.0,0.009633842234986475
3754.1,0.018409,0.015518835294117645,0.014584801056801986,0.004640332060062426,0.0009340342373156587,0.0003363234820693858,-0.0,0.009608145514670175
3755.1,0.019661,0.01579430588235294,0.014198960391446972,0.0044628215911793135,0.0015953454909059667,0.0003325182024007246,-0.0,0.009403620597866933
3756.0,0.014057,0.01563495294117647,0.013952339556692991,0.004303062169184495,0.0016826133844834792,0.00032620425687642684,-0.0,0.009323073130632069
3756.9,0.015252,0.015286482352941175,0.013785248195553119,0.004143302747189682,0.0015012341573880563,0.0003188723177313677,-0.0,0.009323073130632069
3757.8,0.01375,0.015278599999999998,0.013621632901377426,0.003983543325194865,0.0016569670986225724,0.00031501644555049184,-0.0,0.009323073130632069
3758.7,0.011802,0.014982541176470587,0.013457812346152263,0.0038237839032001304,0.001524728830318324,0.00031095531232006333,-0.0,0.009323073130632069
3759.7,0.015194,0.014660541176470589,0.013106002539583814,0.003646273434317018,0.0015545386368867754,0.00030334475298274364,-0.0,0.009156384352284051
3760.6,0.0099922,0.014466070588235295,0.012797397699682245,0.003486514012322205,0.00166867288855305,0.00029857966108236657,-0.0,0.009012304026277672
3761.5,0.016084,0.014391129411764706,0.012634213525985632,0.0033267545903273867,0.0017569158857790746,0.00029515490938057215,-0.0,0.009012304026277672
3762.4,0.017871,0.01379,0.012467877438778089,0.003166995168332569,0.0013221225612219112,0.00028857824416784767,-0.0,0.009012304026277672
3763.3,0.010668,0.013360294117647059,0.012301268513379685,0.003007235746337756,0.0010590256042673739,0.00028172874076425595,-0.0,0.009012304026277672
3764.3,0.011933,0.01346941176470588,0.012026004734540977,0.0028297252774546434,0.0014434070301649043,0.00027582712421450254,-0.0,0.008920452332871831
3765.2,0.01808,0.013487941176470588,0.011678748135721662,0.002669965855459909,0.0018091930407489257,0.0002724023725127099,-0.0,0.008736379907749043
3766.1,0.015515,0.013653470588235295,0.01147933075380163,0.002510206433465091,0.002174139834433665,0.0002675893984132737,-0.0,0.008701534921923266
3767.1,0.010748,0.01355164705882353,0.011295266657367607,0.0023326959645819786,0.002256380401455923,0.0002610357708623638,-0.0,0.008701534921923266
3768.0,0.012097,0.013480764705882354,0.011132938671596447,0.0021729365425871656,0.0023478260342859065,0.0002584672070860165,-0.0,0.008701534921923266
3768.9,0.013536,0.013415311764705883,0.010968276654480552,0.0020131771205923474,0.0024470351102253308,0.00025356461196494135,-0.0,0.008701534921923266
3769.8,0.0081898,0.013382782352941177,0.010544774475955586,0.0018534176985975296,0.002838007876985592,0.00024791559660117127,-0.0,0.008443441180756885
3770.7,0.012356,0.012816558823529414,0.010329403608532765,0.0016936582766027954,0.0024871552149966485,0.00024497951436110117,-0.0,0.008390765817568868
3771.7,0.015912,0.01287008823529412,0.010148320675880949,0.0015161478077196828,0.0027217675594131702,0.00024140705059239766,-0.0,0.008390765817568868
3772.6,0.015567,0.012818088235294116,0.009983424126333443,0.0013563883857248698,0.0028346641089606727,0.00023626992303970497,-0.0,0.008390765817568868
3773.5,0.016564,0.012537147058823528,0.009820046707308926,0.0011966289637300519,0.0027171003515146022,0.0002326519260100053,-0.0,0.008390765817568868
3774.4,0.010071,0.012472558823529411,0.009657718721537761,0.0010368695417352339,0.0028148401019916502,0.00023008336223365945,-0.0,0.008390765817568868
3775.4,0.013989,0.012582794117647058,0.009412129165371557,0.0008593590728521263,0.0031706649522755016,0.00022462424947822894,-0.0,0.008328145843041201
3776.3,0.0088795,0.01271120588235294,0.008999920701730679,0.0006995996508573083,0.003711285180622262,0.00022032433765890844,-0.0,0.008079996713214462
3777.2,0.015531,0.012226482352941177,0.0088375927159596,0.000539840228862574,0.003388889636981576,0.00021775577388256318,-0.0,0.008079996713214462
3778.1,0.0082452,0.012148182352941177,0.008673626887949282,0.000380080806867756,0.0034745554649918946,0.0002135493678670637,-0.0,0.008079996713214462
3779.1,0.011578,0.011981835294117647,0.008490615567488164,0.00020257033798464356,0.0034912197266294825,0.0002080485162890596,-0.0,0.008079996713214462
3780.0,0.011049,0.012193305882352942,0.008329143769642455,4.281091598983052e-05,0.0038641621127104876,0.00020633614043816243,-0.0,0.008079996713214462
3780.9,0.013304,0.012220188235294117,0.008166397401864037,-0.00011694850600498743,0.00405379083343008,0.00020334919465456107,-0.0,0.008079996713214462
3781.8,0.014417,0.011987305882352943,0.008002405012784805,-0.00027670792799980537,0.0039849008695681375,0.00019911622757014735,-0.0,0.008079996713214462
3782.8,0.012622,0.011852070588235295,0.007527061160253491,-0.0004542183968829129,0.004325009427981804,0.00019394964794784385,-0.0,0.007787329909188561
3783.7,0.01428,0.011976599999999999,0.0073473186612886985,-0.0006139778188776522,0.0046292813387113,0.0001920688713062934,-0.0,0.007769227608860056
3784.6,0.0052957,0.012163511764705882,0.007184947762225928,-0.0007737372408724652,0.004978564002479954,0.00018945739423833672,-0.0,0.007769227608860056
3785.6,0.0068587,0.011626641176470588,0.007002636063933714,-0.0009512477097555778,0.004624005112536874,0.00018465616482923482,-0.0,0.007769227608860056
3786.5,0.0095281,0.01184539411764706,0.0068406254558329195,-0.0011110071317503958,0.00500476866181414,0.0001824049787232595,-0.0,0.007769227608860056
3787.4,0.019507,0.011816629411764706,0.00667915365798721,-0.0012707665537452088,0.005137475753777496,0.00018069260287236223,-0.0,0.007769227608860056
3788.3,0.016024,0.011758276470588235,0.006514529043192848,-0.0014305259757400267,0.0052437474273953864,0.0001758274100728191,-0.0,0.007769227608860056
3789.2,0.012605,0.012206041176470589,0.006351873561248957,-0.001590285397734761,0.005854167615221632,0.00017293135012366108,-0.0,0.007769227608860056
3790.2,0.007772,0.01194680588235294,0.006172460452531513,-0.0017677958666178736,0.005774345429821427,0.0001710287102893299,-0.0,0.007769227608860056
3791.1,0.016106,0.011691576470588234,0.0060097359479458715,-0.0019275552886126915,0.005681840522642362,0.00016806362769850676,-0.0,0.007769227608860056
3792.0,0.012057,0.01176545882352941,0.0058386623978430585,-0.0020873147106075045,0.005926796425686352,0.0001647129578895961,-0.0,0.007761264150560967
3793.0,0.0064042,0.012214594117647058,0.005454724372322379,-0.002264825179490617,0.006759869745324679,0.00016281031805526547,-0.0,0.007556739233757731
3793.9,0.011964,0.012536788235294116,0.0051941737483444175,-0.002424584601485435,0.007342614486949698,0.00016029984532419395,-0.0,0.007458458504505658
3794.8,0.011089,0.012548647058823527,0.005030989574647808,-0.002584344023480248,0.007517657484175719,0.00015687509362239806,-0.0,0.007458458504505658
3795.7,0.010057,0.012371823529411763,0.0048691372488353065,-0.002744103445474987,0.007502686280576457,0.00015478218980463496,-0.0,0.007458458504505658
3796.7,0.020916,0.01200625294117647,0.004689380653097444,-0.002921613914358095,0.007316872288079026,0.00015253606294988098,-0.0,0.007458458504505658
3797.6,0.01001,0.011736123529411766,0.004526196479400836,-0.003081373336352908,0.007209927050010929,0.00014911131124808558,-0.0,0.007458458504505658
3798.5,0.0082831,0.012079829411764708,0.0043643281627406385,-0.003241132758347731,0.007715501249024069,0.00014700241658271098,-0.0,0.007458458504505658
3799.4,0.015536,0.011476511764705884,0.004203712552820376,-0.003400892180342544,0.007272799211885507,0.00014614622865726214,-0.0,0.007458458504505658
