species,weight,rms_fraction,model,smoothing_points,window
I,0.0,0.0,I+VIII,1,3200-3800
VIII,0.075866152727785,1.0,I+VIII,1,3200-3800
VI,0.07485507746655402,0.5824893920304949,VI+VIII,1,3200-3800
VIII,0.05365383358093703,0.417510607969505,VI+VIII,1,3200-3800
I,0.0,0.0,I+II+VIII,1,3200-3800
II,0.0,0.0,I+II+VIII,1,3200-3800
VIII,0.075866152727785,1.0,I+II+VIII,1,3200-3800
I,0.0,0.0,I+VI+VIII,1,3200-3800
VI,0.07485507746655402,0.5824893920304949,I+VI+VIII,1,3200-3800
VIII,0.05365383358093703,0.417510607969505,I+VI+VIII,1,3200-3800
I,0.0,0.0,I+II+VI+VIII,1,3200-3800
II,0.0,0.0,I+II+VI+VIII,1,3200-3800
VI,0.07485507746655402,0.5824893920304949,I+II+VI+VIII,1,3200-3800
VIII,0.05365383358093703,0.417510607969505,I+II+VI+VIII,1,3200-3800
I,0.0,0.0,I+IV+VI+VIII,1,3200-3800
IV,0.0,0.0,I+IV+VI+VIII,1,3200-3800
VI,0.07485507746655402,0.5824893920304949,I+IV+VI+VIII,1,3200-3800
VIII,0.05365383358093703,0.417510607969505,I+IV+VI+VIII,1,3200-3800
I,0.0,0.0,I+VI+VII,1,3200-3800
VI,0.14499533173657206,1.0,I+VI+VII,1,3200-3800
VII,0.0,0.0,I+VI+VII,1,3200-3800
I,0.0,0.0,I+VI+VII+VIII,1,3200-3800
VI,0.0,0.0,I+VI+VII+VIII,1,3200-3800
VII,0.03394097609943448,0.2538795264929686,I+VI+VII+VIII,1,3200-3800
VIII,0.09974832357859414,0.7461204735070315,I+VI+VII+VIII,1,3200-3800
I,0.0,0.0,I+VIII,7,3200-3800
VIII,0.07586646589575356,1.0,I+VIII,7,3200-3800
VI,0.07468522649333618,0.5817352167719386,VI+VIII,7,3200-3800
VIII,0.05369831354360043,0.4182647832280614,VI+VIII,7,3200-3800
I,0.0,0.0,I+II+VIII,7,3200-3800
II,0.0,0.0,I+II+VIII,7,3200-3800
VIII,0.07586646589575356,1.0,I+II+VIII,7,3200-3800
I,0.0,0.0,I+VI+VIII,7,3200-3800
VI,0.07468522649333618,0.5817352167719386,I+VI+VIII,7,3200-3800
VIII,0.05369831354360043,0.4182647832280614,I+VI+VIII,7,3200-3800
I,0.0,0.0,I+II+VI+VIII,7,3200-3800
II,0.0,0.0,I+II+VI+VIII,7,3200-3800
VI,0.07468522649333618,0.5817352167719386,I+II+VI+VIII,7,3200-3800
VIII,0.05369831354360043,0.4182647832280614,I+II+VI+VIII,7,3200-3800
I,0.0,0.0,I+IV+VI+VIII,7,3200-3800
IV,0.0,0.0,I+IV+VI+VIII,7,3200-3800
VI,0.07468522649333618,0.5817352167719386,I+IV+VI+VIII,7,3200-3800
VIII,0.05369831354360043,0.4182647832280614,I+IV+VI+VIII,7,3200-3800
I,0.0,0.0,I+VI+VII,7,3200-3800
VI,0.14488362825595463,1.0,I+VI+VII,7,3200-3800
VII,0.0,0.0,I+VI+VII,7,3200-3800
I,0.0,0.0,I+VI+VII+VIII,7,3200-3800
VI,0.0,0.0,I+VI+VII+VIII,7,3200-3800
VII,0.033813961953609285,0.2533402941504238,I+VI+VII+VIII,7,3200-3800
VIII,0.0996585362409805,0.7466597058495763,I+VI+VII+VIII,7,3200-3800
I,0.0,0.0,I+VIII,11,3200-3800
VIII,0.07581658359016084,1.0,I+VIII,11,3200-3800
VI,0.07469587053060996,0.5819755680160336,VI+VIII,11,3200-3800
VIII,0.053652937625116734,0.4180244319839665,VI+VIII,11,3200-3800
I,0.0,0.0,I+II+VIII,11,3200-3800
II,0.0,0.0,I+II+VIII,11,3200-3800
VIII,0.07581658359016084,1.0,I+II+VIII,11,3200-3800
I,0.0,0.0,I+VI+VIII,11,3200-3800
VI,0.07469587053060996,0.5819755680160336,I+VI+VIII,11,3200-3800
VIII,0.053652937625116734,0.4180244319839665,I+VI+VIII,11,3200-3800
I,0.0,0.0,I+II+VI+VIII,11,3200-3800
II,0.0,0.0,I+II+VI+VIII,11,3200-3800
VI,0.07469587053060996,0.5819755680160336,I+II+VI+VIII,11,3200-3800
VIII,0.053652937625116734,0.4180244319839665,I+II+VI+VIII,11,3200-3800
I,0.0,0.0,I+IV+VI+VIII,11,3200-3800
IV,0.0,0.0,I+IV+VI+VIII,11,3200-3800
VI,0.07469587053060996,0.5819755680160336,I+IV+VI+VIII,11,3200-3800
VIII,0.053652937625116734,0.4180244319839665,I+IV+VI+VIII,11,3200-3800
I,0.0,0.0,I+VI+VII,11,3200-3800
VI,0.14483495354100206,1.0,I+VI+VII,11,3200-3800
VII,0.0,0.0,I+VI+VII,11,3200-3800
I,0.0,0.0,I+VI+VII+VIII,11,3200-3800
VI,0.0,0.0,I+VI+VII+VIII,11,3200-3800
VII,0.03377170252681281,0.25324713498881757,I+VI+VII+VIII,11,3200-3800
VIII,0.09958302438176225,0.7467528650111824,I+VI+VII+VIII,11,3200-3800
I,0.0,0.0,I+VIII,17,3200-3800
VIII,0.07564777636999172,1.0,I+VIII,17,3200-3800
VI,0.07493773098783081,0.5837577201756464,VI+VIII,17,3200-3800
VIII,0.05343355798678498,0.4162422798243535,VI+VIII,17,3200-3800
I,0.0,0.0,I+II+VIII,17,3200-3800
II,0.0,0.0,I+II+VIII,17,3200-3800
VIII,0.07564777636999172,1.0,I+II+VIII,17,3200-3800
I,0.0,0.0,I+VI+VIII,17,3200-3800
VI,0.07493773098783081,0.5837577201756464,I+VI+VIII,17,3200-3800
VIII,0.05343355798678498,0.4162422798243535,I+VI+VIII,17,3200-3800
I,0.0,0.0,I+II+VI+VIII,17,3200-3800
II,0.0,0.0,I+II+VI+VIII,17,3200-3800
VI,0.07493773098783081,0.5837577201756464,I+II+VI+VIII,17,3200-3800
VIII,0.05343355798678498,0.4162422798243535,I+II+VI+VIII,17,3200-3800
I,0.0,0.0,I+IV+VI+VIII,17,3200-3800
IV,0.0,0.0,I+IV+VI+VIII,17,3200-3800
VI,0.07493773098783081,0.5837577201756464,I+IV+VI+VIII,17,3200-3800
VIII,0.05343355798678498,0.4162422798243535,I+IV+VI+VIII,17,3200-3800
I,0.0,0.0,I+VI+VII,17,3200-3800
VI,0.14479002473103955,1.0,I+VI+VII,17,3200-3800
VII,0.0,0.0,I+VI+VII,17,3200-3800
I,0.0,0.0,I+VI+VII+VIII,17,3200-3800
VI,0.0,0.0,I+VI+VII+VIII,17,3200-3800
VII,0.033781312935760976,0.2535886675448982,I+VI+VII+VIII,17,3200-3800
VIII,0.09943170980225213,0.7464113324551017,I+VI+VII+VIII,17,3200-3800
I,0.0,0.0,I+VIII,25,3200-3800
VIII,0.07551947815289235,1.0,I+VIII,25,3200-3800
VI,0.07443918086594699,0.5819206879806044,VI+VIII,25,3200-3800
VIII,0.053480624020639335,0.41807931201939563,VI+VIII,25,3200-3800
I,0.0,0.0,I+II+VIII,25,3200-3800
II,0.0,0.0,I+II+VIII,25,3200-3800
VIII,0.07551947815289235,1.0,I+II+VIII,25,3200-3800
I,0.0,0.0,I+VI+VIII,25,3200-3800
VI,0.07443918086594699,0.5819206879806044,I+VI+VIII,25,3200-3800
VIII,0.053480624020639335,0.41807931201939563,I+VI+VIII,25,3200-3800
I,0.0,0.0,I+II+VI+VIII,25,3200-3800
II,0.0,0.0,I+II+VI+VIII,25,3200-3800
VI,0.07443918086594699,0.5819206879806044,I+II+VI+VIII,25,3200-3800
VIII,0.053480624020639335,0.41807931201939563,I+II+VI+VIII,25,3200-3800
I,0.0,0.0,I+IV+VI+VIII,25,3200-3800
IV,0.0,0.0,I+IV+VI+VIII,25,3200-3800
VI,0.07443918086594699,0.5819206879806044,I+IV+VI+VIII,25,3200-3800
VIII,0.053480624020639335,0.41807931201939563,I+IV+VI+VIII,25,3200-3800
I,0.0,0.0,I+VI+VII,25,3200-3800
VI,0.14435300280503097,1.0,I+VI+VII,25,3200-3800
VII,0.0,0.0,I+VI+VII,25,3200-3800
I,0.0,0.0,I+VI+VII+VIII,25,3200-3800
VI,0.0,0.0,I+VI+VII+VIII,25,3200-3800
VII,0.03337542984733042,0.25205624071670685,I+VI+VII+VIII,25,3200-3800
VIII,0.0990372005736795,0.747943759283293,I+VI+VII+VIII,25,3200-3800
I,0.0,0.0,I+VIII,33,3200-3800
VIII,0.07531431109872716,1.0,I+VIII,33,3200-3800
VI,0.07389002544846103,0.5801676760523214,VI+VIII,33,3200-3800
VIII,0.05346975086868316,0.41983232394767855,VI+VIII,33,3200-3800
I,0.0,0.0,I+II+VIII,33,3200-3800
II,0.0,0.0,I+II+VIII,33,3200-3800
VIII,0.07531431109872716,1.0,I+II+VIII,33,3200-3800
I,0.0,0.0,I+VI+VIII,33,3200-3800
VI,0.07389002544846103,0.5801676760523214,I+VI+VIII,33,3200-3800
VIII,0.05346975086868316,0.41983232394767855,I+VI+VIII,33,3200-3800
I,0.0,0.0,I+II+VI+VIII,33,3200-3800
II,0.0,0.0,I+II+VI+VIII,33,3200-3800
VI,0.07389002544846103,0.5801676760523214,I+II+VI+VIII,33,3200-3800
VIII,0.05346975086868316,0.41983232394767855,I+II+VI+VIII,33,3200-3800
I,0.0,0.0,I+IV+VI+VIII,33,3200-3800
IV,0.0,0.0,I+IV+VI+VIII,33,3200-3800
VI,0.07389002544846103,0.5801676760523214,I+IV+VI+VIII,33,3200-3800
VIII,0.05346975086868316,0.41983232394767855,I+IV+VI+VIII,33,3200-3800
I,0.0,0.0,I+VI+VII,33,3200-3800
VI,0.14378963320018837,1.0,I+VI+VII,33,3200-3800
VII,0.0,0.0,I+VI+VII,33,3200-3800
I,0.0,0.0,I+VI+VII+VIII,33,3200-3800
VI,0.0,0.0,I+VI+VII+VIII,33,3200-3800
VII,0.032881820919329216,0.2502712976745929,I+VI+VII+VIII,33,3200-3800
VIII,0.09850288529689354,0.7497287023254071,I+VI+VII+VIII,33,3200-3800
I,0.0007391819578010342,0.006774904241828655,I+VIII,1,3300-3800
VIII,0.10836670816493775,0.9932250957581713,I+VIII,1,3300-3800
VI,0.0,0.0,VI+VIII,1,3300-3800
VIII,0.10753012406482501,1.0,VI+VIII,1,3300-3800
I,0.0007391819578010342,0.006774904241828655,I+II+VIII,1,3300-3800
II,0.0,0.0,I+II+VIII,1,3300-3800
VIII,0.10836670816493775,0.9932250957581713,I+II+VIII,1,3300-3800
I,0.0007391819578010342,0.006774904241828655,I+VI+VIII,1,3300-3800
VI,0.0,0.0,I+VI+VIII,1,3300-3800
VIII,0.10836670816493775,0.9932250957581713,I+VI+VIII,1,3300-3800
I,0.0007391819578010342,0.006774904241828655,I+II+VI+VIII,1,3300-3800
II,0.0,0.0,I+II+VI+VIII,1,3300-3800
VI,0.0,0.0,I+II+VI+VIII,1,3300-3800
VIII,0.10836670816493775,0.9932250957581713,I+II+VI+VIII,1,3300-3800
I,0.0007391819578010342,0.006774904241828655,I+IV+VI+VIII,1,3300-3800
IV,0.0,0.0,I+IV+VI+VIII,1,3300-3800
VI,0.0,0.0,I+IV+VI+VIII,1,3300-3800
VIII,0.10836670816493775,0.9932250957581713,I+IV+VI+VIII,1,3300-3800
I,0.0,0.0,I+VI+VII,1,3300-3800
VI,0.1266595853353925,1.0,I+VI+VII,1,3300-3800
VII,0.0,0.0,I+VI+VII,1,3300-3800
I,2.762893641032369e-05,0.0002367998258936495,I+VI+VII+VIII,1,3300-3800
VI,0.0,0.0,I+VI+VII+VIII,1,3300-3800
VII,0.007975752622528715,0.06835792751254487,I+VI+VII+VIII,1,3300-3800
VIII,0.1086729559597054,0.9314052726615615,I+VI+VII+VIII,1,3300-3800
I,0.0006383510058213407,0.005891915524580105,I+VIII,7,3300-3800
VIII,0.10770519247477424,0.9941080844754199,I+VIII,7,3300-3800
VI,0.0,0.0,VI+VIII,7,3300-3800
VIII,0.10698272583969856,1.0,VI+VIII,7,3300-3800
I,0.0006383510058213407,0.005891915524580105,I+II+VIII,7,3300-3800
II,0.0,0.0,I+II+VIII,7,3300-3800
VIII,0.10770519247477424,0.9941080844754199,I+II+VIII,7,3300-3800
I,0.0006383510058213407,0.005891915524580105,I+VI+VIII,7,3300-3800
VI,0.0,0.0,I+VI+VIII,7,3300-3800
VIII,0.10770519247477424,0.9941080844754199,I+VI+VIII,7,3300-3800
I,0.0006383510058213407,0.005891915524580105,I+II+VI+VIII,7,3300-3800
II,0.0,0.0,I+II+VI+VIII,7,3300-3800
VI,0.0,0.0,I+II+VI+VIII,7,3300-3800
VIII,0.10770519247477424,0.9941080844754199,I+II+VI+VIII,7,3300-3800
I,0.0006383510058213407,0.005891915524580105,I+IV+VI+VIII,7,3300-3800
IV,0.0,0.0,I+IV+VI+VIII,7,3300-3800
VI,0.0,0.0,I+IV+VI+VIII,7,3300-3800
VIII,0.10770519247477424,0.9941080844754199,I+IV+VI+VIII,7,3300-3800
I,0.0,0.0,I+VI+VII,7,3300-3800
VI,0.12622075124823948,1.0,I+VI+VII,7,3300-3800
VII,0.0,0.0,I+VI+VII,7,3300-3800
I,0.0,0.0,I+VI+VII+VIII,7,3300-3800
VI,0.0,0.0,I+VI+VII+VIII,7,3300-3800
VII,0.01109452118279162,0.09278783334857826,I+VI+VII+VIII,7,3300-3800
VIII,0.10847418499781901,0.9072121666514217,I+VI+VII+VIII,7,3300-3800
I,0.000618473490135897,0.005716073342561253,I+VIII,11,3300-3800
VIII,0.10758053885122289,0.9942839266574387,I+VIII,11,3300-3800
VI,0.0,0.0,VI+VIII,11,3300-3800
VIII,0.10688056899572461,1.0,VI+VIII,11,3300-3800
I,0.000618473490135897,0.005716073342561253,I+II+VIII,11,3300-3800
II,0.0,0.0,I+II+VIII,11,3300-3800
VIII,0.10758053885122289,0.9942839266574387,I+II+VIII,11,3300-3800
I,0.000618473490135897,0.005716073342561253,I+VI+VIII,11,3300-3800
VI,0.0,0.0,I+VI+VIII,11,3300-3800
VIII,0.10758053885122289,0.9942839266574387,I+VI+VIII,11,3300-3800
I,0.000618473490135897,0.005716073342561253,I+II+VI+VIII,11,3300-3800
II,0.0,0.0,I+II+VI+VIII,11,3300-3800
VI,0.0,0.0,I+II+VI+VIII,11,3300-3800
VIII,0.10758053885122289,0.9942839266574387,I+II+VI+VIII,11,3300-3800
I,0.000618473490135897,0.005716073342561253,I+IV+VI+VIII,11,3300-3800
IV,0.0,0.0,I+IV+VI+VIII,11,3300-3800
VI,0.0,0.0,I+IV+VI+VIII,11,3300-3800
VIII,0.10758053885122289,0.9942839266574387,I+IV+VI+VIII,11,3300-3800
I,0.0,0.0,I+VI+VII,11,3300-3800
VI,0.126119479600249,1.0,I+VI+VII,11,3300-3800
VII,0.0,0.0,I+VI+VII,11,3300-3800
I,0.0,0.0,I+VI+VII+VIII,11,3300-3800
VI,0.0,0.0,I+VI+VII+VIII,11,3300-3800
VII,0.011055766742940707,0.09257489315735624,I+VI+VII+VIII,11,3300-3800
VIII,0.10836934265630452,0.9074251068426438,I+VI+VII+VIII,11,3300-3800
I,0.000561073205681141,0.005204417626420337,I+VIII,17,3300-3800
VIII,0.1072460333633307,0.9947955823735796,I+VIII,17,3300-3800
VI,0.0,0.0,VI+VIII,17,3300-3800
VIII,0.10661102743830989,1.0,VI+VIII,17,3300-3800
I,0.000561073205681141,0.005204417626420337,I+II+VIII,17,3300-3800
II,0.0,0.0,I+II+VIII,17,3300-3800
VIII,0.1072460333633307,0.9947955823735796,I+II+VIII,17,3300-3800
I,0.000561073205681141,0.005204417626420337,I+VI+VIII,17,3300-3800
VI,0.0,0.0,I+VI+VIII,17,3300-3800
VIII,0.1072460333633307,0.9947955823735796,I+VI+VIII,17,3300-3800
I,0.000561073205681141,0.005204417626420337,I+II+VI+VIII,17,3300-3800
II,0.0,0.0,I+II+VI+VIII,17,3300-3800
VI,0.0,0.0,I+II+VI+VIII,17,3300-3800
VIII,0.1072460333633307,0.9947955823735796,I+II+VI+VIII,17,3300-3800
I,0.000561073205681141,0.005204417626420337,I+IV+VI+VIII,17,3300-3800
IV,0.0,0.0,I+IV+VI+VIII,17,3300-3800
VI,0.0,0.0,I+IV+VI+VIII,17,3300-3800
VIII,0.1072460333633307,0.9947955823735796,I+IV+VI+VIII,17,3300-3800
I,0.0,0.0,I+VI+VII,17,3300-3800
VI,0.12584362435956892,1.0,I+VI+VII,17,3300-3800
VII,0.0,0.0,I+VI+VII,17,3300-3800
I,0.0,0.0,I+VI+VII+VIII,17,3300-3800
VI,0.0,0.0,I+VI+VII+VIII,17,3300-3800
VII,0.011008107449010885,0.09242427363589242,I+VI+VII+VIII,17,3300-3800
VIII,0.10809596571230581,0.9075757263641075,I+VI+VII+VIII,17,3300-3800
I,0.00042699392429840086,0.003994826999927685,I+VIII,25,3300-3800
VIII,0.10645971839293845,0.9960051730000723,I+VIII,25,3300-3800
VI,0.0,0.0,VI+VIII,25,3300-3800
VIII,0.1059764594008285,1.0,VI+VIII,25,3300-3800
I,0.00042699392429840086,0.003994826999927685,I+II+VIII,25,3300-3800
II,0.0,0.0,I+II+VIII,25,3300-3800
VIII,0.10645971839293845,0.9960051730000723,I+II+VIII,25,3300-3800
I,0.00042699392429840086,0.003994826999927685,I+VI+VIII,25,3300-3800
VI,0.0,0.0,I+VI+VIII,25,3300-3800
VIII,0.10645971839293845,0.9960051730000723,I+VI+VIII,25,3300-3800
I,0.00042699392429840086,0.003994826999927685,I+II+VI+VIII,25,3300-3800
II,0.0,0.0,I+II+VI+VIII,25,3300-3800
VI,0.0,0.0,I+II+VI+VIII,25,3300-3800
VIII,0.10645971839293845,0.9960051730000723,I+II+VI+VIII,25,3300-3800
I,0.00042699392429840086,0.003994826999927685,I+IV+VI+VIII,25,3300-3800
IV,0.0,0.0,I+IV+VI+VIII,25,3300-3800
VI,0.0,0.0,I+IV+VI+VIII,25,3300-3800
VIII,0.10645971839293845,0.9960051730000723,I+IV+VI+VIII,25,3300-3800
I,0.0,0.0,I+VI+VII,25,3300-3800
VI,0.1252196281075348,1.0,I+VI+VII,25,3300-3800
VII,0.0,0.0,I+VI+VII,25,3300-3800
I,0.0,0.0,I+VI+VII+VIII,25,3300-3800
VI,0.0,0.0,I+VI+VII+VIII,25,3300-3800
VII,0.011035416729289814,0.09313192870406511,I+VI+VII+VIII,25,3300-3800
VIII,0.10745688642439896,0.9068680712959348,I+VI+VII+VIII,25,3300-3800
I,0.00028873871672569623,0.0027275511140799134,I+VIII,33,3300-3800
VIII,0.10557131840014951,0.9972724488859201,I+VIII,33,3300-3800
VI,0.0,0.0,VI+VIII,33,3300-3800
VIII,0.10524453252970126,1.0,VI+VIII,33,3300-3800
I,0.00028873871672569623,0.0027275511140799134,I+II+VIII,33,3300-3800
II,0.0,0.0,I+II+VIII,33,3300-3800
VIII,0.10557131840014951,0.9972724488859201,I+II+VIII,33,3300-3800
I,0.00028873871672569623,0.0027275511140799134,I+VI+VIII,33,3300-3800
VI,0.0,0.0,I+VI+VIII,33,3300-3800
VIII,0.10557131840014951,0.9972724488859201,I+VI+VIII,33,3300-3800
I,0.00028873871672569623,0.0027275511140799134,I+II+VI+VIII,33,3300-3800
II,0.0,0.0,I+II+VI+VIII,33,3300-3800
VI,0.0,0.0,I+II+VI+VIII,33,3300-3800
VIII,0.10557131840014951,0.9972724488859201,I+II+VI+VIII,33,3300-3800
I,0.00028873871672569623,0.0027275511140799134,I+IV+VI+VIII,33,3300-3800
IV,0.0,0.0,I+IV+VI+VIII,33,3300-3800
VI,0.0,0.0,I+IV+VI+VIII,33,3300-3800
VIII,0.10557131840014951,0.9972724488859201,I+IV+VI+VIII,33,3300-3800
I,0.0,0.0,I+VI+VII,33,3300-3800
VI,0.12448182888836973,1.0,I+VI+VII,33,3300-3800
VII,0.0,0.0,I+VI+VII,33,3300-3800
I,0.0,0.0,I+VI+VII+VIII,33,3300-3800
VI,0.0,0.0,I+VI+VII+VIII,33,3300-3800
VII,0.010916913618880846,0.09280780694532485,I+VI+VII+VIII,33,3300-3800
VIII,0.10671234601131646,0.9071921930546751,I+VI+VII+VIII,33,3300-3800
I,0.016225444775922672,0.09006943932552473,I+VIII,1,3400-3800
VIII,0.1639182854107551,0.9099305606744753,I+VIII,1,3400-3800
VI,0.0,0.0,VI+VIII,1,3400-3800
VIII,0.11653981074255468,1.0,VI+VIII,1,3400-3800
I,0.016225444775922672,0.09006943932552473,I+II+VIII,1,3400-3800
II,0.0,0.0,I+II+VIII,1,3400-3800
VIII,0.1639182854107551,0.9099305606744753,I+II+VIII,1,3400-3800
I,0.01637538330766178,0.09047970791391713,I+VI+VIII,1,3400-3800
VI,0.0005902727678118305,0.0032614630520535807,I+VI+VIII,1,3400-3800
VIII,0.16401838648179684,0.9062588290340292,I+VI+VIII,1,3400-3800
I,0.01637538330766178,0.09047970791391713,I+II+VI+VIII,1,3400-3800
II,0.0,0.0,I+II+VI+VIII,1,3400-3800
VI,0.0005902727678118305,0.0032614630520535807,I+II+VI+VIII,1,3400-3800
VIII,0.16401838648179684,0.9062588290340292,I+II+VI+VIII,1,3400-3800
I,0.01637538330766178,0.09047970791391713,I+IV+VI+VIII,1,3400-3800
IV,0.0,0.0,I+IV+VI+VIII,1,3400-3800
VI,0.0005902727678118305,0.0032614630520535807,I+IV+VI+VIII,1,3400-3800
VIII,0.16401838648179684,0.9062588290340292,I+IV+VI+VIII,1,3400-3800
I,0.024747198012615833,0.6792666441631496,I+VI+VII,1,3400-3800
VI,0.0,0.0,I+VI+VII,1,3400-3800
VII,0.011685031105750721,0.32073335583685036,I+VI+VII,1,3400-3800
I,0.01637538330766178,0.09047970791391713,I+VI+VII+VIII,1,3400-3800
VI,0.0005902727678118305,0.0032614630520535807,I+VI+VII+VIII,1,3400-3800
VII,0.0,0.0,I+VI+VII+VIII,1,3400-3800
VIII,0.16401838648179684,0.9062588290340292,I+VI+VII+VIII,1,3400-3800
I,0.016192102730195262,0.08997760207031436,I+VIII,7,3400-3800
VIII,0.16376493499505662,0.9100223979296858,I+VIII,7,3400-3800
VI,0.0,0.0,VI+VIII,7,3400-3800
VIII,0.11647806172202317,1.0,VI+VIII,7,3400-3800
I,0.016192102730195262,0.08997760207031436,I+II+VIII,7,3400-3800
II,0.0,0.0,I+II+VIII,7,3400-3800
VIII,0.16376493499505662,0.9100223979296858,I+II+VIII,7,3400-3800
I,0.016348732001467307,0.09040697754986739,I+VI+VIII,7,3400-3800
VI,0.0006166126372036196,0.003409810916444708,I+VI+VIII,7,3400-3800
VIII,0.16386950289784302,0.906183211533688,I+VI+VIII,7,3400-3800
I,0.016348732001467307,0.09040697754986739,I+II+VI+VIII,7,3400-3800
II,0.0,0.0,I+II+VI+VIII,7,3400-3800
VI,0.0006166126372036196,0.003409810916444708,I+II+VI+VIII,7,3400-3800
VIII,0.16386950289784302,0.906183211533688,I+II+VI+VIII,7,3400-3800
I,0.016348732001467307,0.09040697754986739,I+IV+VI+VIII,7,3400-3800
IV,0.0,0.0,I+IV+VI+VIII,7,3400-3800
VI,0.0006166126372036196,0.003409810916444708,I+IV+VI+VIII,7,3400-3800
VIII,0.16386950289784302,0.906183211533688,I+IV+VI+VIII,7,3400-3800
I,0.024749748053941107,0.6805521609948088,I+VI+VII,7,3400-3800
VI,0.0,0.0,I+VI+VII,7,3400-3800
VII,0.011617410075073924,0.3194478390051912,I+VI+VII,7,3400-3800
I,0.016348732001467307,0.09040697754986739,I+VI+VII+VIII,7,3400-3800
VI,0.0006166126372036196,0.003409810916444708,I+VI+VII+VIII,7,3400-3800
VII,0.0,0.0,I+VI+VII+VIII,7,3400-3800
VIII,0.16386950289784302,0.906183211533688,I+VI+VII+VIII,7,3400-3800
I,0.016130756464356695,0.08981145063754109,I+VIII,11,3400-3800
VIII,0.16347614610597164,0.910188549362459,I+VIII,11,3400-3800
VI,0.0,0.0,VI+VIII,11,3400-3800
VIII,0.1163691135825331,1.0,VI+VIII,11,3400-3800
I,0.016130756464356695,0.08981145063754109,I+II+VIII,11,3400-3800
II,0.0,0.0,I+II+VIII,11,3400-3800
VIII,0.16347614610597164,0.910188549362459,I+II+VIII,11,3400-3800
I,0.01630736489802949,0.0902971450569255,I+VI+VIII,11,3400-3800
VI,0.0006952659049932868,0.00384982654578972,I+VI+VIII,11,3400-3800
VIII,0.1635940523783661,0.9058530283972848,I+VI+VIII,11,3400-3800
I,0.01630736489802949,0.0902971450569255,I+II+VI+VIII,11,3400-3800
II,0.0,0.0,I+II+VI+VIII,11,3400-3800
VI,0.0006952659049932868,0.00384982654578972,I+II+VI+VIII,11,3400-3800
VIII,0.1635940523783661,0.9058530283972848,I+II+VI+VIII,11,3400-3800
I,0.01630736489802949,0.0902971450569255,I+IV+VI+VIII,11,3400-3800
IV,0.0,0.0,I+IV+VI+VIII,11,3400-3800
VI,0.0006952659049932868,0.00384982654578972,I+IV+VI+VIII,11,3400-3800
VIII,0.1635940523783661,0.9058530283972848,I+IV+VI+VIII,11,3400-3800
I,0.02474827276955172,0.6824497731324876,I+VI+VII,11,3400-3800
VI,0.0,0.0,I+VI+VII,11,3400-3800
VII,0.011515601502038389,0.3175502268675125,I+VI+VII,11,3400-3800
I,0.01630736489802949,0.0902971450569255,I+VI+VII+VIII,11,3400-3800
VI,0.0006952659049932868,0.00384982654578972,I+VI+VII+VIII,11,3400-3800
VII,0.0,0.0,I+VI+VII+VIII,11,3400-3800
VIII,0.1635940523783661,0.9058530283972848,I+VI+VII+VIII,11,3400-3800
I,0.01601391310555438,0.08949667770027121,I+VIII,17,3400-3800
VIII,0.1629191324225239,0.9105033222997287,I+VIII,17,3400-3800
VI,0.0,0.0,VI+VIII,17,3400-3800
VIII,0.11614192631177736,1.0,VI+VIII,17,3400-3800
I,0.01601391310555438,0.08949667770027121,I+II+VIII,17,3400-3800
II,0.0,0.0,I+II+VIII,17,3400-3800
VIII,0.1629191324225239,0.9105033222997287,I+II+VIII,17,3400-3800
I,0.0162589672385288,0.09017408851897302,I+VI+VIII,17,3400-3800
VI,0.0009647205401893029,0.005350450253750142,I+VI+VIII,17,3400-3800
VIII,0.1630827340057155,0.9044754612272768,I+VI+VIII,17,3400-3800
I,0.0162589672385288,0.09017408851897302,I+II+VI+VIII,17,3400-3800
II,0.0,0.0,I+II+VI+VIII,17,3400-3800
VI,0.0009647205401893029,0.005350450253750142,I+II+VI+VIII,17,3400-3800
VIII,0.1630827340057155,0.9044754612272768,I+II+VI+VIII,17,3400-3800
I,0.0162589672385288,0.09017408851897302,I+IV+VI+VIII,17,3400-3800
IV,0.0,0.0,I+IV+VI+VIII,17,3400-3800
VI,0.0009647205401893029,0.005350450253750142,I+IV+VI+VIII,17,3400-3800
VIII,0.1630827340057155,0.9044754612272768,I+IV+VI+VIII,17,3400-3800
I,0.024758775714097375,0.6888032076446248,I+VI+VII,17,3400-3800
VI,0.0,0.0,I+VI+VII,17,3400-3800
VII,0.011185853229720207,0.3111967923553751,I+VI+VII,17,3400-3800
I,0.0162589672385288,0.09017408851897302,I+VI+VII+VIII,17,3400-3800
VI,0.0009647205401893029,0.005350450253750142,I+VI+VII+VIII,17,3400-3800
VII,0.0,0.0,I+VI+VII+VIII,17,3400-3800
VIII,0.1630827340057155,0.9044754612272768,I+VI+VII+VIII,17,3400-3800
I,0.015611691850603508,0.08829305874107946,I+VIII,25,3400-3800
VIII,0.16120505992129963,0.9117069412589205,I+VIII,25,3400-3800
VI,0.0,0.0,VI+VIII,25,3400-3800
VIII,0.11558550020874847,1.0,VI+VIII,25,3400-3800
I,0.015611691850603508,0.08829305874107946,I+II+VIII,25,3400-3800
II,0.0,0.0,I+II+VIII,25,3400-3800
VIII,0.16120505992129963,0.9117069412589205,I+II+VIII,25,3400-3800
I,0.015829587346072774,0.08891132451621378,I+VI+VIII,25,3400-3800
VI,0.0008578033659030678,0.0048180935971037725,I+VI+VIII,25,3400-3800
VIII,0.16135053001640232,0.9062705818866825,I+VI+VIII,25,3400-3800
I,0.015829587346072774,0.08891132451621378,I+II+VI+VIII,25,3400-3800
II,0.0,0.0,I+II+VI+VIII,25,3400-3800
VI,0.0008578033659030678,0.0048180935971037725,I+II+VI+VIII,25,3400-3800
VIII,0.16135053001640232,0.9062705818866825,I+II+VI+VIII,25,3400-3800
I,0.015829587346072774,0.08891132451621378,I+IV+VI+VIII,25,3400-3800
IV,0.0,0.0,I+IV+VI+VIII,25,3400-3800
VI,0.0008578033659030678,0.0048180935971037725,I+IV+VI+VIII,25,3400-3800
VIII,0.16135053001640232,0.9062705818866825,I+IV+VI+VIII,25,3400-3800
I,0.024718884126058233,0.6899177618593527,I+VI+VII,25,3400-3800
VI,0.0,0.0,I+VI+VII,25,3400-3800
VII,0.011109855895708948,0.31008223814064717,I+VI+VII,25,3400-3800
I,0.015829587346072774,0.08891132451621378,I+VI+VII+VIII,25,3400-3800
VI,0.0008578033659030678,0.0048180935971037725,I+VI+VII+VIII,25,3400-3800
VII,0.0,0.0,I+VI+VII+VIII,25,3400-3800
VIII,0.16135053001640232,0.9062705818866825,I+VI+VII+VIII,25,3400-3800
I,0.015086562571074479,0.08671898412359748,I+VIII,33,3400-3800
VIII,0.15888413973295779,0.9132810158764024,I+VIII,33,3400-3800
VI,0.0,0.0,VI+VIII,33,3400-3800
VIII,0.11477717576836924,1.0,VI+VIII,33,3400-3800
I,0.015086562571074479,0.08671898412359748,I+II+VIII,33,3400-3800
II,0.0,0.0,I+II+VIII,33,3400-3800
VIII,0.15888413973295779,0.9132810158764024,I+II+VIII,33,3400-3800
I,0.015289243884967272,0.08731391865998891,I+VI+VIII,33,3400-3800
VI,0.0007979087079724233,0.004556702512574915,I+VI+VIII,33,3400-3800
VIII,0.15901945262661824,0.9081293788274362,I+VI+VIII,33,3400-3800
I,0.015289243884967272,0.08731391865998891,I+II+VI+VIII,33,3400-3800
II,0.0,0.0,I+II+VI+VIII,33,3400-3800
VI,0.0007979087079724233,0.004556702512574915,I+II+VI+VIII,33,3400-3800
VIII,0.15901945262661824,0.9081293788274362,I+II+VI+VIII,33,3400-3800
I,0.015289243884967272,0.08731391865998891,I+IV+VI+VIII,33,3400-3800
IV,0.0,0.0,I+IV+VI+VIII,33,3400-3800
VI,0.0007979087079724233,0.004556702512574915,I+IV+VI+VIII,33,3400-3800
VIII,0.15901945262661824,0.9081293788274362,I+IV+VI+VIII,33,3400-3800
I,0.02465832828577651,0.6927309872310188,I+VI+VII,33,3400-3800
VI,0.0,0.0,I+VI+VII,33,3400-3800
VII,0.010937492805381357,0.3072690127689812,I+VI+VII,33,3400-3800
I,0.015289243884967272,0.08731391865998891,I+VI+VII+VIII,33,3400-3800
VI,0.0007979087079724233,0.004556702512574915,I+VI+VII+VIII,33,3400-3800
VII,0.0,0.0,I+VI+VII+VIII,33,3400-3800
VIII,0.15901945262661824,0.9081293788274362,I+VI+VII+VIII,33,3400-3800
I,0.03966107788953623,0.2054427893408,I+VIII,1,3350-3700
VIII,0.15339061312768518,0.7945572106591999,I+VIII,1,3350-3700
VI,0.0,0.0,VI+VIII,1,3350-3700
VIII,0.13772650275131082,1.0,VI+VIII,1,3350-3700
I,0.03966107788953623,0.2054427893408,I+II+VIII,1,3350-3700
II,0.0,0.0,I+II+VIII,1,3350-3700
VIII,0.15339061312768518,0.7945572106591999,I+II+VIII,1,3350-3700
I,0.03966107788953623,0.2054427893408,I+VI+VIII,1,3350-3700
VI,0.0,0.0,I+VI+VIII,1,3350-3700
VIII,0.15339061312768518,0.7945572106591999,I+VI+VIII,1,3350-3700
I,0.03966107788953623,0.2054427893408,I+II+VI+VIII,1,3350-3700
II,0.0,0.0,I+II+VI+VIII,1,3350-3700
VI,0.0,0.0,I+II+VI+VIII,1,3350-3700
VIII,0.15339061312768518,0.7945572106591999,I+II+VI+VIII,1,3350-3700
I,0.03966107788953623,0.2054427893408,I+IV+VI+VIII,1,3350-3700
IV,0.0,0.0,I+IV+VI+VIII,1,3350-3700
VI,0.0,0.0,I+IV+VI+VIII,1,3350-3700
VIII,0.15339061312768518,0.7945572106591999,I+IV+VI+VIII,1,3350-3700
I,0.026453881005554684,0.16564610663691487,I+VI+VII,1,3350-3700
VI,0.1332473129593588,0.8343538933630852,I+VI+VII,1,3350-3700
VII,0.0,0.0,I+VI+VII,1,3350-3700
I,0.03966107788953623,0.2054427893408,I+VI+VII+VIII,1,3350-3700
VI,0.0,0.0,I+VI+VII+VIII,1,3350-3700
VII,0.0,0.0,I+VI+VII+VIII,1,3350-3700
VIII,0.15339061312768518,0.7945572106591999,I+VI+VII+VIII,1,3350-3700
I,0.04105888262011785,0.21186241608505865,I+VIII,7,3350-3700
VIII,0.15274086430447828,0.7881375839149414,I+VIII,7,3350-3700
VI,0.0,0.0,VI+VIII,7,3350-3700
VIII,0.13809254773401625,1.0,VI+VIII,7,3350-3700
I,0.04105888262011785,0.21186241608505865,I+II+VIII,7,3350-3700
II,0.0,0.0,I+II+VIII,7,3350-3700
VIII,0.15274086430447828,0.7881375839149414,I+II+VIII,7,3350-3700
I,0.04105888262011785,0.21186241608505865,I+VI+VIII,7,3350-3700
VI,0.0,0.0,I+VI+VIII,7,3350-3700
VIII,0.15274086430447828,0.7881375839149414,I+VI+VIII,7,3350-3700
I,0.04105888262011785,0.21186241608505865,I+II+VI+VIII,7,3350-3700
II,0.0,0.0,I+II+VI+VIII,7,3350-3700
VI,0.0,0.0,I+II+VI+VIII,7,3350-3700
VIII,0.15274086430447828,0.7881375839149414,I+II+VI+VIII,7,3350-3700
I,0.04105888262011785,0.21186241608505865,I+IV+VI+VIII,7,3350-3700
IV,0.0,0.0,I+IV+VI+VIII,7,3350-3700
VI,0.0,0.0,I+IV+VI+VIII,7,3350-3700
VIII,0.15274086430447828,0.7881375839149414,I+IV+VI+VIII,7,3350-3700
I,0.02650306143863761,0.16646595689238314,I+VI+VII,7,3350-3700
VI,0.13270703733111444,0.8335340431076168,I+VI+VII,7,3350-3700
VII,0.0,0.0,I+VI+VII,7,3350-3700
I,0.04105888262011785,0.21186241608505865,I+VI+VII+VIII,7,3350-3700
VI,0.0,0.0,I+VI+VII+VIII,7,3350-3700
VII,0.0,0.0,I+VI+VII+VIII,7,3350-3700
VIII,0.15274086430447828,0.7881375839149414,I+VI+VII+VIII,7,3350-3700
I,0.04094873043247146,0.21179872347663603,I+VIII,11,3350-3700
VIII,0.15238921684268575,0.7882012765233639,I+VIII,11,3350-3700
VI,0.0,0.0,VI+VIII,11,3350-3700
VIII,0.13775905730819699,1.0,VI+VIII,11,3350-3700
I,0.04094873043247146,0.21179872347663603,I+II+VIII,11,3350-3700
II,0.0,0.0,I+II+VIII,11,3350-3700
VIII,0.15238921684268575,0.7882012765233639,I+II+VIII,11,3350-3700
I,0.04094873043247146,0.21179872347663603,I+VI+VIII,11,3350-3700
VI,0.0,0.0,I+VI+VIII,11,3350-3700
VIII,0.15238921684268575,0.7882012765233639,I+VI+VIII,11,3350-3700
I,0.04094873043247146,0.21179872347663603,I+II+VI+VIII,11,3350-3700
II,0.0,0.0,I+II+VI+VIII,11,3350-3700
VI,0.0,0.0,I+II+VI+VIII,11,3350-3700
VIII,0.15238921684268575,0.7882012765233639,I+II+VI+VIII,11,3350-3700
I,0.04094873043247146,0.21179872347663603,I+IV+VI+VIII,11,3350-3700
IV,0.0,0.0,I+IV+VI+VIII,11,3350-3700
VI,0.0,0.0,I+IV+VI+VIII,11,3350-3700
VIII,0.15238921684268575,0.7882012765233639,I+IV+VI+VIII,11,3350-3700
I,0.02644098249711418,0.16639566878479795,I+VI+VII,11,3350-3700
VI,0.13246328881123764,0.833604331215202,I+VI+VII,11,3350-3700
VII,0.0,0.0,I+VI+VII,11,3350-3700
I,0.04094873043247146,0.21179872347663603,I+VI+VII+VIII,11,3350-3700
VI,0.0,0.0,I+VI+VII+VIII,11,3350-3700
VII,0.0,0.0,I+VI+VII+VIII,11,3350-3700
VIII,0.15238921684268575,0.7882012765233639,I+VI+VII+VIII,11,3350-3700
I,0.04067407286810171,0.21119863534388578,I+VIII,17,3350-3700
VIII,0.15191274381219474,0.7888013646561143,I+VIII,17,3350-3700
VI,0.0,0.0,VI+VIII,17,3350-3700
VIII,0.13749791999890976,1.0,VI+VIII,17,3350-3700
I,0.04067407286810171,0.21119863534388578,I+II+VIII,17,3350-3700
II,0.0,0.0,I+II+VIII,17,3350-3700
VIII,0.15191274381219474,0.7888013646561143,I+II+VIII,17,3350-3700
I,0.04067407286810171,0.21119863534388578,I+VI+VIII,17,3350-3700
VI,0.0,0.0,I+VI+VIII,17,3350-3700
VIII,0.15191274381219474,0.7888013646561143,I+VI+VIII,17,3350-3700
I,0.04067407286810171,0.21119863534388578,I+II+VI+VIII,17,3350-3700
II,0.0,0.0,I+II+VI+VIII,17,3350-3700
VI,0.0,0.0,I+II+VI+VIII,17,3350-3700
VIII,0.15191274381219474,0.7888013646561143,I+II+VI+VIII,17,3350-3700
I,0.04067407286810171,0.21119863534388578,I+IV+VI+VIII,17,3350-3700
IV,0.0,0.0,I+IV+VI+VIII,17,3350-3700
VI,0.0,0.0,I+IV+VI+VIII,17,3350-3700
VIII,0.15191274381219474,0.7888013646561143,I+IV+VI+VIII,17,3350-3700
I,0.026301755041439386,0.16600377088566218,I+VI+VII,17,3350-3700
VI,0.1321389532696697,0.8339962291143378,I+VI+VII,17,3350-3700
VII,0.0,0.0,I+VI+VII,17,3350-3700
I,0.04067407286810171,0.21119863534388578,I+VI+VII+VIII,17,3350-3700
VI,0.0,0.0,I+VI+VII+VIII,17,3350-3700
VII,0.0,0.0,I+VI+VII+VIII,17,3350-3700
VIII,0.15191274381219474,0.7888013646561143,I+VI+VII+VIII,17,3350-3700
I,0.040115761079895826,0.20996282790211873,I+VIII,25,3350-3700
VIII,0.1509454923844419,0.7900371720978814,I+VIII,25,3350-3700
VI,0.0,0.0,VI+VIII,25,3350-3700
VIII,0.13698458240289751,1.0,VI+VIII,25,3350-3700
I,0.040115761079895826,0.20996282790211873,I+II+VIII,25,3350-3700
II,0.0,0.0,I+II+VIII,25,3350-3700
VIII,0.1509454923844419,0.7900371720978814,I+II+VIII,25,3350-3700
I,0.040115761079895826,0.20996282790211873,I+VI+VIII,25,3350-3700
VI,0.0,0.0,I+VI+VIII,25,3350-3700
VIII,0.1509454923844419,0.7900371720978814,I+VI+VIII,25,3350-3700
I,0.040115761079895826,0.20996282790211873,I+II+VI+VIII,25,3350-3700
II,0.0,0.0,I+II+VI+VIII,25,3350-3700
VI,0.0,0.0,I+II+VI+VIII,25,3350-3700
VIII,0.1509454923844419,0.7900371720978814,I+II+VI+VIII,25,3350-3700
I,0.040115761079895826,0.20996282790211873,I+IV+VI+VIII,25,3350-3700
IV,0.0,0.0,I+IV+VI+VIII,25,3350-3700
VI,0.0,0.0,I+IV+VI+VIII,25,3350-3700
VIII,0.1509454923844419,0.7900371720978814,I+IV+VI+VIII,25,3350-3700
I,0.025850955688005512,0.16450227938416204,I+VI+VII,25,3350-3700
VI,0.1312955336176885,0.8354977206158379,I+VI+VII,25,3350-3700
VII,0.0,0.0,I+VI+VII,25,3350-3700
I,0.040115761079895826,0.20996282790211873,I+VI+VII+VIII,25,3350-3700
VI,0.0,0.0,I+VI+VII+VIII,25,3350-3700
VII,0.0,0.0,I+VI+VII+VIII,25,3350-3700
VIII,0.1509454923844419,0.7900371720978814,I+VI+VII+VIII,25,3350-3700
I,0.03934030158720742,0.20818825918934686,I+VIII,33,3350-3700
VIII,0.14962473294640424,0.7918117408106532,I+VIII,33,3350-3700
VI,0.0,0.0,VI+VIII,33,3350-3700
VIII,0.13631164173445232,1.0,VI+VIII,33,3350-3700
I,0.03934030158720742,0.20818825918934686,I+II+VIII,33,3350-3700
II,0.0,0.0,I+II+VIII,33,3350-3700
VIII,0.14962473294640424,0.7918117408106532,I+II+VIII,33,3350-3700
I,0.03934030158720742,0.20818825918934686,I+VI+VIII,33,3350-3700
VI,0.0,0.0,I+VI+VIII,33,3350-3700
VIII,0.14962473294640424,0.7918117408106532,I+VI+VIII,33,3350-3700
I,0.03934030158720742,0.20818825918934686,I+II+VI+VIII,33,3350-3700
II,0.0,0.0,I+II+VI+VIII,33,3350-3700
VI,0.0,0.0,I+II+VI+VIII,33,3350-3700
VIII,0.14962473294640424,0.7918117408106532,I+II+VI+VIII,33,3350-3700
I,0.03934030158720742,0.20818825918934686,I+IV+VI+VIII,33,3350-3700
IV,0.0,0.0,I+IV+VI+VIII,33,3350-3700
VI,0.0,0.0,I+IV+VI+VIII,33,3350-3700
VIII,0.14962473294640424,0.7918117408106532,I+IV+VI+VIII,33,3350-3700
I,0.025192439360729228,0.1622091930288867,I+VI+VII,33,3350-3700
VI,0.13011589360312986,0.8377908069711133,I+VI+VII,33,3350-3700
VII,0.0,0.0,I+VI+VII,33,3350-3700
I,0.03934030158720742,0.20818825918934686,I+VI+VII+VIII,33,3350-3700
VI,0.0,0.0,I+VI+VII+VIII,33,3350-3700
VII,0.0,0.0,I+VI+VII+VIII,33,3350-3700
VIII,0.14962473294640424,0.7918117408106532,I+VI+VII+VIII,33,3350-3700
