wavenumber_cm-1,imag_exp_smooth,imag_fit,imag_baseline,residual,component_I / L1 Region A free-OH motif,component_II / L1 Region B upward motif,component_III / L1 Region B upward H-bond motif,component_IV / L1 Region B parallel motif,component_V / L1 Region B liquid-oriented motif,component_VI / L1 Region B connector motif,component_VII / L2 negative bonded motif,component_VIII / L2 positive bonded motif
3400.07,-0.04223686470588235,-0.04684435604172346,-0.04147345133530764,0.00460749133584111,-0.002971913477068046,0.01842722058964553,0.0,0.0,-0.0,-0.0,-0.0,0.0
3400.95,-0.04202014705882353,-0.04662179869165586,-0.041412053098837595,0.0046016516328323265,-0.0029603042583294954,0.01853066515885655,0.0,0.0,-0.0,-0.0,-0.0,0.0
3401.83,-0.04185072941176471,-0.046299447873134114,-0.04135065486236752,0.004448718461369405,-0.0029401491847411976,0.018725357341671904,0.0,0.0,-0.0,-0.0,-0.0,0.0
3402.71,-0.04179172941176471,-0.04607816232893185,-0.04128925662589744,0.004286432917167141,-0.002927768342637626,0.018826758481652505,0.0,0.0,-0.0,-0.0,-0.0,0.0
3403.59,-0.041886094117647064,-0.04584184223606978,-0.041227858389427365,0.003955748118422718,-0.0029137515616125672,0.01894155823137142,0.0,0.0,-0.0,-0.0,-0.0,0.0
3404.47,-0.04214452941176472,-0.04555006836040244,-0.04116646015295732,0.0034055389486377236,-0.0028937007450013583,0.019105777728309518,0.0,0.0,-0.0,-0.0,-0.0,0.0
3405.35,-0.042540829411764715,-0.045349950572097425,-0.04110506191648724,0.00280912116033271,-0.002883623208207206,0.019188314417702294,0.0,0.0,-0.0,-0.0,-0.0,0.0
3406.23,-0.04301652941176471,-0.04509150458451372,-0.04104366368001717,0.0020749751727490093,-0.0028671988648956504,0.01932283249985634,0.0,0.0,-0.0,-0.0,-0.0,0.0
3407.11,-0.04349440000000001,-0.0447985748554955,-0.040982265443547085,0.0013041748554954921,-0.002833131267259373,0.019474191069120197,0.0,0.0,-0.0,-0.0,-0.0,0.0
3407.99,-0.04389731176470588,-0.04458187905121244,-0.04092086720707704,0.0006845672865065586,-0.002818609287704826,0.019568861331730674,0.0,0.0,-0.0,-0.0,-0.0,0.0
3408.88,-0.04416698235294118,-0.044372353003492467,-0.04085877126337434,0.00020537065055128978,-0.0028065046092036047,0.0196575575074436,0.0,0.0,-0.0,-0.0,-0.0,0.0
3409.76,-0.044277176470588236,-0.044134645448595744,-0.04079737302690426,-0.00014253102199249246,-0.0027863495356153073,0.01976760642663393,0.0,0.0,-0.0,-0.0,-0.0,0.0
3410.64,-0.04423775882352941,-0.04392735714051613,-0.04073597479043421,-0.00031040168301328663,-0.002774349635810833,0.019855391272791043,0.0,0.0,-0.0,-0.0,-0.0,0.0
3411.52,-0.04408931176470589,-0.04372607313949474,-0.040674576553964135,-0.0003632386252111486,-0.002751311539426696,0.019926133615310194,0.0,0.0,-0.0,-0.0,-0.0,0.0
3412.4,-0.04389018823529412,-0.04350062113652419,-0.04061317831749406,-0.0003895670987699301,-0.0027263695141265874,0.020019140030862546,0.0,0.0,-0.0,-0.0,-0.0,0.0
3413.28,-0.043699511764705885,-0.043328015578016764,-0.04055178008102398,-0.00037149618668912143,-0.0027162919773324346,0.020074164490457732,0.0,0.0,-0.0,-0.0,-0.0,0.0
3414.16,-0.04356100588235295,-0.043148682270692955,-0.04049038184455394,-0.00041232361165999265,-0.002699486691721798,0.020129188950052862,0.0,0.0,-0.0,-0.0,-0.0,0.0
3415.04,-0.0434917,-0.042938807379189266,-0.04042898360808386,-0.0005528926208107354,-0.0026822243796961664,0.020214297967412836,0.0,0.0,-0.0,-0.0,-0.0,0.0
3415.92,-0.04347569411764706,-0.04279371405047942,-0.040367585371613786,-0.0006819800671676382,-0.002672146842902014,0.020241810197210428,0.0,0.0,-0.0,-0.0,-0.0,0.0
3416.81,-0.04346732352941177,-0.04259855704052348,-0.04030548942791111,-0.000868766488888284,-0.0026387924360297523,0.020294887606788336,0.0,0.0,-0.0,-0.0,-0.0,0.0
3417.69,-0.043402552941176474,-0.042436071601180445,-0.04024409119144103,-0.0009664813399960295,-0.002624052203754201,0.020335129251737742,0.0,0.0,-0.0,-0.0,-0.0,0.0
3418.57,-0.0432161705882353,-0.04229371150689784,-0.040182692954970956,-0.0009224590813374581,-0.002612394812901123,0.020358328393049165,0.0,0.0,-0.0,-0.0,-0.0,0.0
3419.45,-0.04286002352941177,-0.04213098193292305,-0.04012129471850091,-0.0007290415964887192,-0.00258283748165467,0.020383997073659465,0.0,0.0,-0.0,-0.0,-0.0,0.0
3420.33,-0.042317364705882356,-0.04199432215907922,-0.040059896482030836,-0.0003230425468031331,-0.002565994545275808,0.020396310349006345,0.0,0.0,-0.0,-0.0,-0.0,0.0
3421.22,-0.041609200000000006,-0.04187130297750674,-0.03999780053832816,0.00026210297750673545,-0.0025517005572090945,0.020396310349006345,0.0,0.0,-0.0,-0.0,-0.0,0.0
3422.1,-0.040791058823529416,-0.041729998764307545,-0.03993640230185808,0.0009389399407781288,-0.0025178999061279943,0.020396310349006345,0.0,0.0,-0.0,-0.0,-0.0,0.0
3422.98,-0.03994145294117647,-0.04161241766539531,-0.039875004065388006,0.0016709647242188347,-0.002507822369333842,0.020396310349006345,0.0,0.0,-0.0,-0.0,-0.0,0.0
3423.86,-0.03914533529411765,-0.04148832707038756,-0.03981360582891793,0.002342991776269912,-0.0024912353364441903,0.020396310349006345,0.0,0.0,-0.0,-0.0,-0.0,0.0
3424.75,-0.03847655882352942,-0.04139162167171305,-0.03975150988521525,0.0029150628481836305,-0.002465273175318269,0.020358328393049165,0.0,0.0,-0.0,-0.0,-0.0,0.0
3425.63,-0.037983529411764715,-0.04127767431269687,-0.039690111648745176,0.003294144900932154,-0.002442693931367889,0.02034219294599688,0.0,0.0,-0.0,-0.0,-0.0,0.0
3426.51,-0.03768068823529413,-0.04118704522301016,-0.0396287134122751,0.003506356987716029,-0.002426390453108988,0.02030901499530659,0.0,0.0,-0.0,-0.0,-0.0,0.0
3427.39,-0.03754793529411765,-0.041104649150494166,-0.03956731517580506,0.0035567138563765144,-0.0023964734831158946,0.020253990535711454,0.0,0.0,-0.0,-0.0,-0.0,0.0
3428.28,-0.03753838235294117,-0.04101660110333786,-0.03950521923210235,0.0034782187503966874,-0.0023845217554259233,0.020221361661671967,0.0,0.0,-0.0,-0.0,-0.0,0.0
3429.16,-0.03759187647058823,-0.04092529119085435,-0.0394438209956323,0.0033334147202661174,-0.0023606520379168185,0.02018129829452834,0.0,0.0,-0.0,-0.0,-0.0,0.0
3430.05,-0.03765051176470588,-0.04084711388947353,-0.0393817250519296,0.0031966021247676474,-0.002335550192496711,0.020125648556983223,0.0,0.0,-0.0,-0.0,-0.0,0.0
3430.93,-0.03767444705882352,-0.04077447971336236,-0.03932032681545955,0.0031000326545388354,-0.0023153951189084166,0.02007062409738807,0.0,0.0,-0.0,-0.0,-0.0,0.0
3431.81,-0.037651170588235285,-0.040688824164844824,-0.03925892857898947,0.003037653576609539,-0.002281327521272139,0.020014708486151233,0.0,0.0,-0.0,-0.0,-0.0,0.0
3432.7,-0.03759678235294117,-0.04064317593806946,-0.0391968326352868,0.0030463935851282875,-0.00226094341275671,0.019931247410905392,0.0,0.0,-0.0,-0.0,-0.0,0.0
3433.58,-0.03754921176470589,-0.04054302953216066,-0.039135434398816726,0.002993817767454769,-0.002240788339168405,0.019903735181107798,0.0,0.0,-0.0,-0.0,-0.0,0.0
3434.46,-0.03755611764705883,-0.04051647845491457,-0.03907403616234665,0.002960360807855743,-0.0022152626834844847,0.01979725704055188,0.0,0.0,-0.0,-0.0,-0.0,0.0
3435.35,-0.037660805882352946,-0.040457796919894914,-0.03901194021864397,0.002796991037541968,-0.0021863366330166977,0.019718287331597976,0.0,0.0,-0.0,-0.0,-0.0,0.0
3436.23,-0.03788987647058824,-0.04039655305760081,-0.038950541982173896,0.00250667658701257,-0.0021661815594283926,0.019651872558185682,0.0,0.0,-0.0,-0.0,-0.0,0.0
3437.12,-0.03824530588235294,-0.04036809945414693,-0.03888844603847122,0.002122793571793992,-0.0021351536743900506,0.01954057308309545,0.0,0.0,-0.0,-0.0,-0.0,0.0
3438.0,-0.03870269999999999,-0.04030112039106278,-0.03882704780200114,0.0015984203910627895,-0.0021117298532766816,0.019476624762948144,0.0,0.0,-0.0,-0.0,-0.0,0.0
3438.88,-0.0392159294117647,-0.04024443101011982,-0.038765649565531066,0.0010285015983551166,-0.002082358428132798,0.019396439156629128,0.0,0.0,-0.0,-0.0,-0.0,0.0
3439.77,-0.03972733529411765,-0.04024599444260565,-0.03870355362182839,0.0005186591484879974,-0.0020433656230769964,0.019247157725581724,0.0,0.0,-0.0,-0.0,-0.0,0.0
3440.65,-0.04018095294117647,-0.04020649525009702,-0.03864215538535832,2.554230892055226e-05,-0.0020232105494887007,0.019158998282383974,0.0,0.0,-0.0,-0.0,-0.0,0.0
3441.54,-0.04053551764705883,-0.04013560926693267,-0.03858005944165564,-0.00039990838012615715,-0.002002249419038372,0.019100197941592217,0.0,0.0,-0.0,-0.0,-0.0,0.0
3442.42,-0.040773711764705886,-0.04013425113116219,-0.038518661205185566,-0.0006394606335436981,-0.0019619392718617725,0.018953742368068013,0.0,0.0,-0.0,-0.0,-0.0,0.0
3443.31,-0.04090531764705883,-0.040073062764809195,-0.03845656526148289,-0.000832254882249632,-0.0019344622107735812,0.018878728479827044,0.0,0.0,-0.0,-0.0,-0.0,0.0
3444.19,-0.04096348235294117,-0.04001987849488803,-0.03839516702501281,-0.0009436038580531436,-0.0019030647743152067,0.018793011751171748,0.0,0.0,-0.0,-0.0,-0.0,0.0
3445.08,-0.040995452941176465,-0.0399960290382558,-0.038333071081310136,-0.000999423902920668,-0.0018540052146713895,0.018659076454654394,0.0,0.0,-0.0,-0.0,-0.0,0.0
3445.96,-0.041050682352941174,-0.039951571353716284,-0.038271672844840066,-0.0010991109992248907,-0.001832030382937619,0.018574055745342044,0.0,0.0,-0.0,-0.0,-0.0,0.0
3446.85,-0.04116864117647059,-0.039909913404843775,-0.03820957690113739,-0.0012587277716268122,-0.0018007518985598686,0.01847571001633103,0.0,0.0,-0.0,-0.0,-0.0,0.0
3447.73,-0.04136955882352941,-0.03990293997830642,-0.03814817866466731,-0.0014666188452229917,-0.001762053952060597,0.018336481934251022,0.0,0.0,-0.0,-0.0,-0.0,0.0
3448.62,-0.0416498,-0.0398192883595726,-0.038086082720964635,-0.0018305116404273986,-0.0017314777892874496,0.018280832196705926,0.0,0.0,-0.0,-0.0,-0.0,0.0
3449.5,-0.04198275294117647,-0.03981010241323664,-0.03802468448449456,-0.002172650527939829,-0.0016932759112237646,0.018144312702860117,0.0,0.0,-0.0,-0.0,-0.0,0.0
3450.39,-0.042325082352941176,-0.03976455782371909,-0.03796258854079188,-0.0025605245292220843,-0.0016567564920838673,0.018044612679731998,0.0,0.0,-0.0,-0.0,-0.0,0.0
3451.28,-0.042627023529411764,-0.039709645110434545,-0.03790049259708918,-0.0029173784189772192,-0.001625652001209981,0.017959695708636834,0.0,0.0,-0.0,-0.0,-0.0,0.0
3452.16,-0.042844099999999996,-0.03968450834778139,-0.037839094360619135,-0.0031595916522186088,-0.001578042648291625,0.017829719556253593,0.0,0.0,-0.0,-0.0,-0.0,0.0
3453.05,-0.042947041176470586,-0.039633931592221346,-0.037776998416916424,-0.003313109584249241,-0.001544431903163768,0.01773796037317996,0.0,0.0,-0.0,-0.0,-0.0,0.0
3453.94,-0.04292741176470588,-0.03958237400731103,-0.037714902473213754,-0.0033450377573948503,-0.001511388093390882,0.017647748954811627,0.0,0.0,-0.0,-0.0,-0.0,0.0
3454.82,-0.04279771176470588,-0.03954515525916395,-0.03765350423674367,-0.0032525565055419245,-0.0014509228726259675,0.01751699892007569,0.0,0.0,-0.0,-0.0,-0.0,0.0
3455.71,-0.0425868294117647,-0.03949866962165634,-0.037591408293041,-0.0030881597901083607,-0.0014278585163527034,0.017431695007804268,0.0,0.0,-0.0,-0.0,-0.0,0.0
3456.59,-0.04233275882352941,-0.03944632549174415,-0.037530010056570924,-0.0028864333317852597,-0.0013849554225066592,0.017333632481752327,0.0,0.0,-0.0,-0.0,-0.0,0.0
3457.48,-0.042074729411764704,-0.03942572940373948,-0.03746791411286825,-0.002649000008025225,-0.0013238030969603414,0.017184351050704916,0.0,0.0,-0.0,-0.0,-0.0,0.0
3458.37,-0.041846570588235286,-0.039368555702032834,-0.03740581816916557,-0.0024780148862024523,-0.0012782577539377745,0.017087254215883217,0.0,0.0,-0.0,-0.0,-0.0,0.0
3459.25,-0.041672064705882354,-0.0393129871122717,-0.037344419932695494,-0.0023590775936106548,-0.00124392312279306,0.017000984612381555,0.0,0.0,-0.0,-0.0,-0.0,0.0
3460.14,-0.041562588235294115,-0.0392795426781156,-0.037282323988992824,-0.002283045557178516,-0.0011827707972467422,0.01686455152748556,0.0,0.0,-0.0,-0.0,-0.0,0.0
3461.03,-0.04151670588235294,-0.03921452836307609,-0.03722022804529011,-0.002302177519276853,-0.0011451352458650827,0.016783205097637595,0.0,0.0,-0.0,-0.0,-0.0,0.0
3461.92,-0.041522247058823535,-0.03914100859657281,-0.03715813210158744,-0.0023812384622507246,-0.0011022037182980265,0.016705068143068044,0.0,0.0,-0.0,-0.0,-0.0,0.0
3462.8,-0.04156010588235294,-0.03912037332716452,-0.037096733865117366,-0.002439732555188423,-0.0010425889005655539,0.016558585032625764,0.0,0.0,-0.0,-0.0,-0.0,0.0
3463.69,-0.04160930588235294,-0.0390367217084307,-0.03703463792141469,-0.0025725841739222405,-0.0010120127377924062,0.01650293529508067,0.0,0.0,-0.0,-0.0,-0.0,0.0
3464.58,-0.04165191764705881,-0.039006571589024285,-0.03697254197771201,-0.0026453460580345284,-0.0009611714185844272,0.01637351890177334,0.0,0.0,-0.0,-0.0,-0.0,0.0
3465.46,-0.04167642352941176,-0.03892865414847117,-0.036911143741241936,-0.0027477693809405887,-0.0008955538684449041,0.016278315230068837,0.0,0.0,-0.0,-0.0,-0.0,0.0
3466.35,-0.04167847058823528,-0.03884500252973735,-0.03684904779753926,-0.0028334680584979344,-0.0008649777056717566,0.016222665492523745,0.0,0.0,-0.0,-0.0,-0.0,0.0
3467.24,-0.0416591588235294,-0.03881756658295355,-0.03678695185383659,-0.002841592240575848,-0.0008013558201536653,0.016077754360283678,0.0,0.0,-0.0,-0.0,-0.0,0.0
3468.13,-0.0416220294117647,-0.03875147769613361,-0.03672485591013388,-0.002870551715631088,-0.0007481752839335311,0.015981937517377667,0.0,0.0,-0.0,-0.0,-0.0,0.0
3469.02,-0.04157018235294117,-0.03869122294228161,-0.03666275996643121,-0.0028789594106595554,-0.0007078455722699874,0.015893137366060357,0.0,0.0,-0.0,-0.0,-0.0,0.0
3469.9,-0.04150452352941176,-0.03865098556773442,-0.03660136172996113,-0.002853537961677338,-0.0006373692470132776,0.015755394853232744,0.0,0.0,-0.0,-0.0,-0.0,0.0
3470.79,-0.0414231294117647,-0.038573950064431185,-0.036539265786258456,-0.0028491793473335164,-0.000592832475030918,0.015679168391047847,0.0,0.0,-0.0,-0.0,-0.0,0.0
3471.68,-0.04132146470588235,-0.03849597897831217,-0.03647716984255578,-0.0028254857275701803,-0.0005428896440166198,0.015598471452646801,0.0,0.0,0.0,-0.0,-0.0,0.0
3472.57,-0.04119322941176471,-0.03845973669185655,-0.036415073898853074,-0.002733492719908158,-0.00046609112001936626,0.015449190021599333,0.0,0.0,0.0,-0.0,-0.0,0.0
3473.46,-0.04103138823529412,-0.03839008728251793,-0.0363529779551504,-0.0026413009527761905,-0.00040506783313360676,0.015349090950546441,0.0,0.0,0.0,-0.0,-0.0,0.0
3474.35,-0.040829682352941175,-0.03833339305118464,-0.03629088201144772,-0.002496289301756535,-0.00037258087213576005,0.01526457302737611,0.0,0.0,0.0,-0.0,-0.0,0.0
3475.23,-0.04058444705882353,-0.03825531811390369,-0.036229483774977644,-0.0023291289449198435,-0.00029196057778254047,0.01515452410818574,0.0,0.0,0.0,-0.0,-0.0,0.0
3476.12,-0.04029653529411765,-0.038184914408556085,-0.036167387831274975,-0.002111620885561563,-0.0002373810503161478,0.015061623092561191,0.0,0.0,0.0,-0.0,-0.0,0.0
3477.01,-0.03997297058823529,-0.038115061949183765,-0.03610529188757226,-0.0018579086390515254,-0.00018453780585091936,0.014969907113962462,0.0,0.0,0.0,-0.0,-0.0,0.0
3477.9,-0.03962755882352941,-0.03807025032285648,-0.036043195943869594,-0.001557308500672934,-0.00010300137178916225,0.014824457112722225,0.0,0.0,0.0,-0.0,-0.0,0.0
3478.79,-0.03927973529411764,-0.03798126265775261,-0.03598110000016692,-0.001298472636365032,-5.942630303162322e-05,0.014761144515562777,0.0,0.0,0.0,-0.0,-0.0,0.0
3479.68,-0.038951970588235296,-0.03792734776535524,-0.03591900405646424,-0.0010246228228800586,4.421400142417205e-06,0.014642486511280344,0.0,0.0,0.0,-0.0,-0.0,0.0
3480.57,-0.03866623529411764,-0.03785187108344915,-0.035856908112761536,-0.0008143642106684876,7.776022722204114e-05,0.014535899172600984,0.0,0.0,0.0,-0.0,-0.0,0.0
3481.46,-0.038440423529411766,-0.03775802741045762,-0.03579481216905886,-0.0006823961189541469,0.00011852844425291969,0.014480249435055869,0.0,0.0,0.0,-0.0,-0.0,0.0
3482.35,-0.03828559411764706,-0.037714607270746534,-0.03573271622535618,-0.0005709868469005244,0.0001933806061357954,0.014340092219378313,0.0,0.0,0.0,-0.0,-0.0,0.0
3483.24,-0.0382044,-0.03763694099363447,-0.03567062028165351,-0.0005674590063655324,0.0002605154909292999,0.014241898418191103,0.0,0.0,0.0,-0.0,-0.0,0.0
3484.13,-0.03819084705882353,-0.037560438581978633,-0.0356085243379508,-0.0006304084768448959,0.000314715902115425,0.014155475225154987,0.0,0.0,0.0,-0.0,-0.0,0.0
3485.02,-0.03823108235294118,-0.03750504138452605,-0.03554642839424813,-0.00072604096841513,0.00039625233617714687,0.014020610795040076,0.0,0.0,0.0,-0.0,-0.0,0.0
3485.91,-0.03830506470588235,-0.03742191838966844,-0.035484332450545455,-0.0008831463162139105,0.0004551338769390142,0.01393612705563005,0.0,0.0,0.0,-0.0,-0.0,0.0
3486.8,-0.03838891176470589,-0.03732730774073342,-0.03542223650684275,-0.0010616040239724636,0.0005175876321567599,0.013859558755841496,0.0,0.0,0.0,-0.0,-0.0,0.0
3487.69,-0.038457605882352947,-0.037272253398368996,-0.035360140563140074,-0.0011853524839839508,0.0006125938241886477,0.013710881712668273,0.0,0.0,0.0,-0.0,-0.0,0.0
3488.58,-0.038487935294117655,-0.03717840972537746,-0.0352980446194374,-0.0013095255687401927,0.0006533620412195262,0.01365523197512316,0.0,0.0,0.0,-0.0,-0.0,0.0
3489.47,-0.038461158823529414,-0.03708101234751443,-0.03523594867573472,-0.0013801464760149831,0.0007336239141719367,0.013563642286528012,0.0,0.0,0.0,-0.0,-0.0,0.0
3490.36,-0.038365164705882346,-0.03701964804247882,-0.03517385273203202,-0.0013455166634035245,0.0008355444567491331,0.013414360855480601,0.0,0.0,0.0,-0.0,-0.0,0.0
3491.25,-0.03819569411764705,-0.03692359381379977,-0.03511175678832934,-0.001272100303847279,0.0009008794087439122,0.013336354938659103,0.0,0.0,0.0,-0.0,-0.0,0.0
3492.14,-0.03795639411764705,-0.03684144613676627,-0.03504966084462667,-0.0011149479808807775,0.0009559103976156341,0.013254746433315114,0.0,0.0,0.0,-0.0,-0.0,0.0
3493.03,-0.037657723529411755,-0.036767102447831226,-0.03498756490092396,-0.0008906210815805282,0.0010578309401928826,0.013118444386167088,0.0,0.0,0.0,-0.0,-0.0,0.0
3493.92,-0.03731517058823529,-0.03666368480530122,-0.03492546895722129,-0.000651485782934072,0.0011155079172320101,0.013055459858152197,0.0,0.0,0.0,-0.0,-0.0,0.0
3494.82,-0.036946852941176465,-0.03658951843470375,-0.034862675306285985,-0.00035733450647271875,0.0011932545797430937,0.012941932741345084,0.0,0.0,0.0,-0.0,-0.0,0.0
3495.71,-0.036571170588235294,-0.036497305366688076,-0.03480057936258331,-7.386522154721742e-05,0.0012890859583575825,0.012829589237240493,0.0,0.0,0.0,-0.0,-0.0,0.0
3496.6,-0.03620472941176471,-0.03638307758518111,-0.03473848341888063,0.00017834817341640108,0.0013502382839039,0.012773939499695379,0.0,0.0,0.0,-0.0,-0.0,0.0
3497.49,-0.035860947058823534,-0.03628052174130422,-0.034676387475177955,0.00041957468248068897,0.001443366111282769,0.012674642322687626,0.0,0.0,0.0,-0.0,-0.0,0.0
3498.38,-0.03554941764705882,-0.03617493583788958,-0.03461429153147525,0.0006255181908307594,0.001528193031188429,0.012586676112690785,0.0,0.0,0.0,-0.0,-0.0,0.0
3499.27,-0.035275941176470586,-0.03606151540359623,-0.034552195587772574,0.0007855742271256419,0.0015915571002452725,0.012528007284421524,0.0,0.0,0.0,-0.0,-0.0,0.0
3500.16,-0.035043076470588234,-0.035954591686380766,-0.034490099644069905,0.0009115152157925313,0.0017010550990451414,0.012416707809331346,0.0,0.0,0.0,-0.0,-0.0,0.0
3501.06,-0.034851276470588236,-0.0358639993305576,-0.0344273059931346,0.0010127228599693672,0.0017747606950399865,0.012323647744266171,0.0,0.0,0.0,-0.0,-0.0,0.0
3501.95,-0.03470008823529412,-0.03577319137469238,-0.034365210049431924,0.0010731031393982557,0.0018496509424574686,0.012230840259208148,0.0,0.0,0.0,-0.0,-0.0,0.0
3502.84,-0.034587617647058824,-0.03565346100518414,-0.03430311410572922,0.001065843358125318,0.0019719555935501067,0.012119540784117916,0.0,0.0,0.0,-0.0,-0.0,0.0
3503.73,-0.03451147647058823,-0.03551206956960639,-0.03424101816202654,0.0010005930990181627,0.002034919329727472,0.01208924329001254,0.0,0.0,0.0,-0.0,-0.0,0.0
3504.62,-0.03446858235294117,-0.035395868907975345,-0.034178922218323866,0.0009272865550341777,0.002120750386056287,0.012010887701809,0.0,0.0,0.0,-0.0,-0.0,0.0
3505.52,-0.03445446470588235,-0.035262453888025236,-0.03411612856738856,0.0008079891821428861,0.0022567686121030173,0.011898337670818875,0.0,0.0,0.0,-0.0,-0.0,0.0
3506.41,-0.03446248235294117,-0.03514585462267716,-0.034054032623685886,0.0006833722697359851,0.0023442761275795877,0.011818704227184616,0.0,0.0,0.0,-0.0,-0.0,0.0
3507.3,-0.034483241176470586,-0.03503050438138232,-0.03399193667998318,0.0005472632049117326,0.002417902770000453,0.01175170263255277,0.0,0.0,0.0,-0.0,-0.0,0.0
3508.19,-0.034504547058823526,-0.034910774011874146,-0.033929840736280505,0.0004062269530506202,0.0025402074210930455,0.011640403157462578,0.0,0.0,0.0,-0.0,-0.0,0.0
3509.09,-0.034512158823529406,-0.034762055083713786,-0.0338670470853452,0.00024989626018438044,0.0026205605080312708,0.01159882217379121,0.0,0.0,0.0,-0.0,-0.0,0.0
3509.98,-0.03449123529411764,-0.034625584740175436,-0.03380495114164253,0.00013434944605779375,0.002716628312601319,0.011530499519253742,0.0,0.0,0.0,-0.0,-0.0,0.0
3510.87,-0.034428270588235284,-0.03448803639822302,-0.033742855197939854,5.9765809987732954e-05,0.002846724411927149,0.011429226568374567,0.0,0.0,0.0,-0.0,-0.0,0.0
3511.77,-0.034313164705882346,-0.03433408107902801,-0.03368006154700455,2.091637314566297e-05,0.0029188704139761932,0.011401089060627027,0.0,0.0,0.0,-0.0,-0.0,0.0
3512.66,-0.034140947058823534,-0.03419113194073262,-0.03361796560330187,5.018488190908915e-05,0.0030448870134381022,0.011309296405954737,0.0,0.0,0.0,-0.0,-0.0,0.0
3513.55,-0.03391281764705882,-0.03404614986948917,-0.03355586965959917,0.0001333322224303518,0.003158946841920107,0.01123149345521036,0.0,0.0,0.0,-0.0,-0.0,0.0
3514.45,-0.03363618823529411,-0.033892770465171855,-0.03349307600866389,0.00025658222987774704,0.00323448010880838,0.011199392767745956,0.0,0.0,0.0,-0.0,-0.0,0.0
3515.34,-0.033323705882352936,-0.033732346085748974,-0.03343098006496119,0.0004086402033960379,0.0033771688684164887,0.011108403194054907,0.0,0.0,0.0,-0.0,-0.0,0.0
3516.23,-0.03299101176470588,-0.03358527022629182,-0.03336888412125851,0.0005942584615859364,0.003471169271912977,0.0110527534565098,0.0,0.0,0.0,-0.0,-0.0,0.0
3517.13,-0.032653870588235295,-0.03343600572501956,-0.03330609047032321,0.0007821351367842677,0.003566761963786805,0.010996478441014729,0.0,0.0,0.0,-0.0,-0.0,0.0
3518.02,-0.03232675294117647,-0.0332630274389035,-0.03324399452662054,0.0009362744977270271,0.003722621362097999,0.01090487213531384,0.0,0.0,0.0,-0.0,-0.0,0.0
3518.92,-0.03201998823529412,-0.03310877171735877,-0.03318120087568523,0.001088783482064655,0.0037981058481988627,0.010873696545864203,0.0,0.0,0.0,-0.0,-0.0,0.0
3519.81,-0.03173860588235294,-0.03295149375948066,-0.03311910493198256,0.0012128878771277204,0.003925386661330343,0.01079496849710506,0.0,0.0,0.0,-0.0,-0.0,0.0
3520.7,-0.03148238235294117,-0.0327593494537761,-0.03305700898827988,0.0012769671008349276,0.004068502013707031,0.010735272256927162,0.0,0.0,0.0,-0.0,-0.0,0.0
3521.6,-0.031246982352941176,-0.032623225070607345,-0.032994215337344576,0.0013762427176661693,0.004150954587477337,0.01067899724143211,0.0,0.0,0.0,-0.0,-0.0,0.0
3522.49,-0.031025876470588236,-0.03244147953756159,-0.0329321193936419,0.0014156030669733519,0.004291224828686201,0.010611747339763233,0.0,0.0,0.0,-0.0,-0.0,0.0
3523.39,-0.030812511764705886,-0.03224928437245595,-0.032869325742706595,0.001436772607750065,0.004456129976226808,0.010529090532434763,0.0,0.0,0.0,-0.0,-0.0,0.0
3524.28,-0.030602217647058824,-0.03209411046751676,-0.03280722979900389,0.0014918928204579324,0.004558228425205327,0.010473440794889623,0.0,0.0,0.0,-0.0,-0.0,0.0
3525.18,-0.030393488235294117,-0.031911946759768516,-0.032744436148068615,0.0015184585244743982,0.0046867203235551646,0.010417165779394577,0.0,0.0,0.0,-0.0,-0.0,0.0
3526.07,-0.03018828235294118,-0.03170687210920026,-0.03268234020436591,0.001518589756259077,0.004838719518162739,0.01036151604184944,0.0,0.0,0.0,-0.0,-0.0,0.0
3526.97,-0.0299914,-0.03157074772603157,-0.03261954655343064,0.00157934772603157,0.004921172091933003,0.010305241026354413,0.0,0.0,0.0,-0.0,-0.0,0.0
3527.86,-0.02980904705882353,-0.03136399764262651,-0.03255745060972793,0.001554950583802981,0.00508038353900704,0.01024405446917961,0.0,0.0,0.0,-0.0,-0.0,0.0
3528.76,-0.029646958823529416,-0.031196501393988156,-0.032494656958792625,0.0015495425704587402,0.005214738174990696,0.010167249256940814,0.0,0.0,0.0,-0.0,-0.0,0.0
3529.65,-0.02950858823529412,-0.03102112321030944,-0.032432561015089956,0.0015125349750153214,0.005310973886335344,0.010137666535769113,0.0,0.0,0.0,-0.0,-0.0,0.0
3530.55,-0.029393805882352943,-0.030816366620304722,-0.032369767364154645,0.0014225607379517793,0.005483867431277817,0.010059582755937858,0.0,0.0,0.0,-0.0,-0.0,0.0
3531.44,-0.029298588235294118,-0.030641339024775775,-0.032307671420451975,0.0013427507894816573,0.005602254489505042,0.010007498099733806,0.0,0.0,0.0,-0.0,-0.0,0.0
3532.34,-0.02921574705882353,-0.03046383568892387,-0.03224487776951667,0.0012480886301003413,0.005727629982468174,0.00994967911772908,0.0,0.0,0.0,-0.0,-0.0,0.0
3533.23,-0.029137317647058823,-0.030259217224460004,-0.032182781825813994,0.0011218995774011815,0.005897367297423767,0.009875835073731581,0.0,0.0,0.0,-0.0,-0.0,0.0
3534.13,-0.029056029411764706,-0.030084237005978526,-0.03211998817487869,0.0010282075942138202,0.005990801461191504,0.00984743430355183,0.0,0.0,0.0,-0.0,-0.0,0.0
3535.03,-0.028966129411764706,-0.029904320240747205,-0.032057194523943386,0.0009381908289824992,0.006142998300593815,0.009765207404487332,0.0,0.0,0.0,-0.0,-0.0,0.0
3535.92,-0.028865664705882352,-0.029695663635691892,-0.03199509858024071,0.0008299989298095403,0.006300501811434346,0.009707635305196352,0.0,0.0,0.0,-0.0,-0.0,0.0
3536.82,-0.028756958823529414,-0.02954923268080185,-0.031932304929305405,0.0007922738572724367,0.00639326095692594,0.009651360289701299,0.0,0.0,0.0,-0.0,-0.0,0.0
3537.72,-0.028646082352941176,-0.029316542685562056,-0.031869511278370136,0.00067046033262088,0.006572279142767334,0.009595085274206255,0.0,0.0,0.0,-0.0,-0.0,0.0
3538.61,-0.02854144705882353,-0.029112027617510895,-0.031807415334667424,0.0005705805586873648,0.0067557361194063815,0.00950741817211254,0.0,0.0,0.0,-0.0,-0.0,0.0
3539.51,-0.028451876470588236,-0.028936574496007943,-0.03174462168373212,0.0004846980254197067,0.006858326810876279,0.009470333777252097,0.0,0.0,0.0,-0.0,-0.0,0.0
3540.4,-0.028384488235294113,-0.028759496686130055,-0.03168252574002945,0.0003750084508359411,0.0069994986705967386,0.00939751453390376,0.0,0.0,0.0,-0.0,-0.0,0.0
3541.3,-0.028342847058823527,-0.028545282092449234,-0.031619732089094146,0.0002024350336257072,0.007168027161119122,0.009333253812168697,0.0,0.0,0.0,-0.0,-0.0,0.0
3542.2,-0.028325794117647057,-0.02839885113755927,-0.03155693843815887,7.305701991221214e-05,0.0072607863066106665,0.009276978796673671,0.0,0.0,0.0,-0.0,-0.0,0.0
3543.09,-0.028327176470588234,-0.02818910390493303,-0.031494842494456166,-0.00013807256565520273,0.007425744321742733,0.009213042820662015,0.0,0.0,0.0,-0.0,-0.0,0.0
3543.99,-0.02833665294117647,-0.028021008352960296,-0.03143204884352089,-0.000315644588216174,0.0075565741328055365,0.009140361736678503,0.0,0.0,0.0,-0.0,-0.0,0.0
3544.89,-0.028341388235294116,-0.027838527515155448,-0.031369255192585585,-0.0005028607201386683,0.007660690854256946,0.009108779028138442,0.0,0.0,0.0,-0.0,-0.0,0.0
3545.79,-0.028328329411764705,-0.027624520875896726,-0.03130646154165028,-0.0007038085358679787,0.007846209145240202,0.009027320551520408,0.0,0.0,0.0,-0.0,-0.0,0.0
3546.68,-0.028286482352941174,-0.027449993810115068,-0.031244365597947608,-0.0008364885428261068,0.007959033628539973,0.008980297940496524,0.0,0.0,0.0,-0.0,-0.0,0.0
3547.58,-0.028208688235294117,-0.027280474149493424,-0.031181571947012304,-0.0009282140858006931,0.008081487491453009,0.00891741691331163,0.0,0.0,0.0,-0.0,-0.0,0.0
3548.48,-0.02809179411764706,-0.02706789347946871,-0.031118778296077,-0.0010239006381783482,0.008255215961744902,0.00884632228815095,0.0,0.0,0.0,-0.0,-0.0,0.0
3549.38,-0.02793718823529412,-0.02693176909629995,-0.031055984645141695,-0.0010054191389941708,0.008337668535515238,0.008790047272655876,0.0,0.0,0.0,-0.0,-0.0,0.0
3550.27,-0.027751023529411768,-0.02672691900052547,-0.030993888701439022,-0.0010241045288862972,0.008490895510369946,0.008732945200069885,0.0,0.0,0.0,-0.0,-0.0,0.0
3551.17,-0.027541841176470593,-0.026563929365344827,-0.030931095050503715,-0.0009779118111257652,0.008626870259779037,0.008650013260947935,0.0,0.0,0.0,-0.0,-0.0,0.0
3552.07,-0.02731894117647059,-0.02639964874727017,-0.03086830139956841,-0.0009192924292004204,0.00870942630794694,0.008621791005961188,0.0,0.0,0.0,-0.0,-0.0,0.0
3552.97,-0.02709084705882353,-0.026205105418960428,-0.030805507748633137,-0.0008857416398631024,0.008888223284655983,0.008527590532668442,0.0,0.0,0.0,-0.0,-0.0,0.0
3553.87,-0.026864270588235296,-0.026028605854912998,-0.030742714097697833,-0.0008356647333222986,0.008992729730687368,0.008489636825790986,0.0,0.0,0.0,-0.0,-0.0,0.0
3554.77,-0.026643529411764708,-0.025872135986372773,-0.03067992044676253,-0.0007713934253919356,0.009092820863305533,0.00843606873681955,0.0,0.0,0.0,-0.0,-0.0,0.0
3555.66,-0.02643065882352941,-0.025677015897429878,-0.030617824503059856,-0.0007536429260995327,0.009255893731429,0.008359390764133206,0.0,0.0,0.0,-0.0,-0.0,0.0
3556.56,-0.026225999999999996,-0.025524745952821493,-0.030555030852124552,-0.0007012540471785025,0.009385007519603854,0.008272600095673235,0.0,0.0,0.0,-0.0,-0.0,0.0
3557.46,-0.026029141176470583,-0.025360484061905192,-0.030492237201189248,-0.0006686571145653915,0.00946746009337419,0.008244462587925699,0.0,0.0,0.0,-0.0,-0.0,0.0
3558.36,-0.0258399294117647,-0.02520335064662025,-0.030429443550253944,-0.00063657876514445,0.009606525510000501,0.00815258376169083,0.0,0.0,0.0,-0.0,-0.0,0.0
3559.26,-0.025659217647058818,-0.02503027856918181,-0.03036664989931864,-0.0006289390778770089,0.009710010863719991,0.00811222366051628,0.0,0.0,0.0,-0.0,-0.0,0.0
3560.16,-0.025489170588235292,-0.024878969664227688,-0.030303856248383367,-0.0006102009240076048,0.00979772184986072,0.00806587475443623,0.0,0.0,0.0,-0.0,-0.0,0.0
3561.06,-0.025333,-0.024717994632173203,-0.030241062597448062,-0.0006150053678267986,0.00993086609625227,0.007983758715205664,0.0,0.0,0.0,-0.0,-0.0,0.0
3561.96,-0.025194294117647058,-0.024585264904872138,-0.030178268946512755,-0.0006090292127749197,0.010009924014154905,0.00792748369971059,0.0,0.0,0.0,-0.0,-0.0,0.0
3562.86,-0.025076123529411767,-0.02443285591230523,-0.03011547529557745,-0.0006432676171065355,0.010108661197323366,0.007871208684215538,0.0,0.0,0.0,-0.0,-0.0,0.0
3563.75,-0.024980123529411764,-0.024300682369556476,-0.030053379351874777,-0.0006794411598552881,0.01022137924981418,0.007781938980967707,0.0,0.0,0.0,-0.0,-0.0,0.0
3564.65,-0.024905870588235294,-0.024157033622082776,-0.029990585700939473,-0.0007488369661525184,0.010283218680141908,0.007753801473220181,0.0,0.0,0.0,-0.0,-0.0,0.0
3565.55,-0.024850629411764705,-0.024007490277107423,-0.02992779205000417,-0.0008431391346572815,0.010380935901391119,0.00769568077205282,0.0,0.0,0.0,-0.0,-0.0,0.0
3566.45,-0.02480956470588235,-0.02388082985231147,-0.029864998399068896,-0.0009287348535708777,0.01047176772753569,0.007621562545810759,0.0,0.0,0.0,-0.0,-0.0,0.0
3567.35,-0.024776194117647057,-0.023745021424057725,-0.029802204748133592,-0.0010311726935893321,0.010528732992016501,0.007590458884690194,0.0,0.0,0.0,-0.0,-0.0,0.0
3568.25,-0.02474325294117647,-0.023612509263730323,-0.029739411097198288,-0.0011307436774461478,0.01063179870922938,0.007509958502911214,0.0,0.0,0.0,-0.0,-0.0,0.0
3569.15,-0.024703600000000003,-0.023494991717298186,-0.029676617446262984,-0.0012086082827018167,0.010688141823025432,0.0074611861106538,0.0,0.0,0.0,-0.0,-0.0,0.0
3570.05,-0.02465107647058824,-0.023366646284997135,-0.02961382379532768,-0.0012844301855911046,0.010746092702881786,0.007421633838204995,0.0,0.0,0.0,-0.0,-0.0,0.0
3570.95,-0.024581117647058826,-0.02325574172556987,-0.029551030144392407,-0.0013253759214889548,0.010841307408867806,0.007327376866752796,0.0,0.0,0.0,-0.0,-0.0,0.0
3571.85,-0.02449108235294118,-0.023137364650809976,-0.029488236493457103,-0.0013537177021312047,0.01089529582796873,0.007281818697518267,0.0,0.0,0.0,-0.0,-0.0,0.0
3572.75,-0.02438028823529412,-0.02301630713435805,-0.029425442842521795,-0.0013639811009360722,0.01093716122142733,0.007251063995618093,0.0,0.0,0.0,-0.0,-0.0,0.0
3573.66,-0.024249800000000005,-0.022935749596268137,-0.029361951484353895,-0.001314050403731868,0.010999687756536486,0.007157926542317672,0.0,0.0,0.0,-0.0,-0.0,0.0
3574.56,-0.024102111764705884,-0.022822164330412925,-0.02929915783341859,-0.0012799474342929593,0.011040123116429533,0.007121129623386339,0.0,0.0,0.0,-0.0,-0.0,0.0
3575.46,-0.023940770588235297,-0.0227277500297107,-0.029236364182483286,-0.0012130205585245968,0.011081629045048055,0.0070640911705765405,0.0,0.0,0.0,-0.0,-0.0,0.0
3576.36,-0.023770111764705885,-0.02264471154426457,-0.029173570531547982,-0.0011254002204413166,0.01112971038034475,0.006989101495832478,0.0,0.0,0.0,-0.0,-0.0,0.0
3577.26,-0.023594982352941177,-0.02254234545451465,-0.029110776880612678,-0.0010526368984265268,0.011150477952804265,0.006960753188229379,0.0,0.0,0.0,-0.0,-0.0,0.0
3578.16,-0.023420552941176467,-0.022480922963200825,-0.029047983229677405,-0.0009396299779756423,0.01118433790601912,0.006878368901434906,0.0,0.0,0.0,-0.0,-0.0,0.0
3579.06,-0.023252094117647056,-0.02240256937376344,-0.0289851895787421,-0.0008495247438836152,0.011202599311177936,0.0068285142608199715,0.0,0.0,0.0,-0.0,-0.0,0.0
3579.96,-0.023094747058823528,-0.022310453484896183,-0.028922395927806797,-0.000784293573927345,0.011212905882899225,0.006800376753072434,0.0,0.0,0.0,-0.0,-0.0,0.0
3580.86,-0.022953170588235296,-0.022273132351042578,-0.02885960227687149,-0.0006800382371927177,0.011232930526574572,0.0067077264183571916,0.0,0.0,0.0,-0.0,-0.0,0.0
3581.76,-0.02283116470588235,-0.02219438521465543,-0.028796808625936185,-0.0006367794912269208,0.011241319430762401,0.006668137825663012,0.0,0.0,0.0,-0.0,-0.0,0.0
3582.67,-0.022731388235294116,-0.022127889376266873,-0.028733317267768285,-0.0006034988590272426,0.011246560800290928,0.006618223838241866,0.0,0.0,0.0,-0.0,-0.0,0.0
3583.57,-0.022655041176470585,-0.022089219141173733,-0.02867052361683298,-0.0005658220352968528,0.011255231954810372,0.006538276093922064,0.0,0.0,0.0,-0.0,-0.0,0.0
3584.47,-0.02260170588235294,-0.022019420962830112,-0.028607729965897707,-0.0005822849195228283,0.01124591065065151,0.0065074487515311,0.0,0.0,0.0,-0.0,-0.0,0.0
3585.37,-0.02256935294117647,-0.02198901254025656,-0.028544936314962403,-0.0005803404009199105,0.011241319430762401,0.00643250156910026,0.0,0.0,0.0,-0.0,-0.0,0.0
3586.28,-0.02255454705882353,-0.02195158490894595,-0.028481444956794468,-0.0006029621498775811,0.011225182989745355,0.006374897185146686,0.0,0.0,0.0,-0.0,-0.0,0.0
3587.18,-0.02255277647058824,-0.021880082163521303,-0.028418651305859195,-0.0006726943070669358,0.01121487641802407,0.006346759677399175,0.0,0.0,0.0,-0.0,-0.0,0.0
3588.08,-0.022558888235294117,-0.02189376290966308,-0.02835585765492389,-0.0006651253256310351,0.011181732785891135,0.006256275738496831,0.0,0.0,0.0,-0.0,-0.0,0.0
3588.98,-0.022567523529411767,-0.021871341411781185,-0.028293064003988587,-0.0006961821176305824,0.011150482474374583,0.006200000723001778,0.0,0.0,0.0,-0.0,-0.0,0.0
3589.88,-0.02257358823529412,-0.021850226995533635,-0.028230270353053283,-0.0007233612397604845,0.011117925081223707,0.0061437257075067035,0.0,0.0,0.0,-0.0,-0.0,0.0
3590.79,-0.022572823529411763,-0.021832399559123215,-0.02816677899488538,-0.0007404239702885479,0.011081484354797952,0.006086825414061699,0.0,0.0,0.0,-0.0,-0.0,0.0
3591.69,-0.022561452941176466,-0.02186441520421349,-0.028103985343950075,-0.0006970377369629743,0.011029488556953815,0.005996858741922056,0.0,0.0,0.0,-0.0,-0.0,0.0
3592.59,-0.02253666470588235,-0.021803219030510114,-0.02804119169301477,-0.0007334456753722365,0.011008875413511232,0.00596872123417452,0.0,0.0,0.0,-0.0,-0.0,0.0
3593.5,-0.022496694117647056,-0.021819508034498964,-0.02797770033484687,-0.0006771860831480923,0.010940574137482856,0.005909565049932868,0.0,0.0,0.0,-0.0,-0.0,0.0
3594.4,-0.022440882352941175,-0.02183045394884799,-0.027914906683911566,-0.0006104284040931857,0.010893076780383077,0.005836169667790122,0.0,0.0,0.0,-0.0,-0.0,0.0
3595.3,-0.02236963529411765,-0.021788645142018538,-0.027852113032976262,-0.0005809901520991111,0.010856283371472698,0.005804825058636454,0.0,0.0,0.0,-0.0,-0.0,0.0
3596.2,-0.02228444117647059,-0.021842133168740518,-0.02778931938204099,-0.0004423080077300724,0.010773830797702428,0.005723842780791298,0.0,0.0,0.0,-0.0,-0.0,0.0
3597.11,-0.02218778823529412,-0.021838725986248843,-0.027725828023873054,-0.00034906224904527813,0.010714431711045958,0.005675480593658208,0.0,0.0,0.0,-0.0,-0.0,0.0
3598.01,-0.022083076470588235,-0.021857506352679745,-0.02766303437293775,-0.00022557011790848985,0.010649747082597113,0.005611438030782648,0.0,0.0,0.0,-0.0,-0.0,0.0
3598.92,-0.021974435294117647,-0.021910994726238198,-0.027599543014769846,-6.344056787944974e-05,0.01055603579874099,0.0055404924847991446,0.0,0.0,0.0,-0.0,-0.0,0.0
3599.82,-0.021866488235294117,-0.0218985492037249,-0.02753674936383454,3.2060968430783904e-05,0.010514809511855837,0.005484217469304093,0.0,0.0,0.0,-0.0,-0.0,0.0
3600.72,-0.021764047058823528,-0.021945574852133293,-0.02747395571289927,0.00018152779330976587,0.01041411205404904,0.0054279424538090535,0.0,0.0,0.0,-0.0,-0.0,0.0
3601.63,-0.0216717,-0.021975009216399832,-0.027410464354731337,0.0003033092163998337,0.010330409526946277,0.005371042160364046,0.0,0.0,0.0,-0.0,-0.0,0.0
3602.53,-0.02159344117647059,-0.021976340309965266,-0.027347670703796033,0.00038289913349467616,0.010275406623982417,0.0053147671448689725,0.0,0.0,0.0,-0.0,-0.0,0.0
3603.44,-0.021532235294117647,-0.022068750243971633,-0.02728417934562813,0.0005365149498539855,0.010150353553764105,0.005236241824799739,0.0,0.0,0.0,-0.0,-0.0,0.0
3604.34,-0.021489694117647055,-0.02213942872323024,-0.027221385694692825,0.0006497346055831833,0.010042360194439996,0.005163609879971741,0.0,0.0,0.0,-0.0,-0.0,0.0
3605.24,-0.021465829411764708,-0.022157902915880847,-0.027158592043757552,0.0006920735041161391,0.009970214192390988,0.005107334864476696,0.0,0.0,0.0,-0.0,-0.0,0.0
3606.15,-0.021458800000000004,-0.022213596610186397,-0.027095100685589617,0.000754796610186393,0.00986141790652269,0.005049268999758215,0.0,0.0,0.0,-0.0,-0.0,0.0
3607.05,-0.021465676470588235,-0.022292871830780683,-0.027032307034654313,0.0008271953601924481,0.009755557945808036,0.004965906914985081,0.0,0.0,0.0,-0.0,-0.0,0.0
3607.96,-0.021482499999999998,-0.022283660377312206,-0.026968815676486412,0.0008011603773122079,0.009682248595888803,0.004937259262091611,0.0,0.0,0.0,-0.0,-0.0,0.0
3608.86,-0.0215048,-0.022379200810093775,-0.026906022025551108,0.0008744008100937742,0.009551724425588624,0.004862296174716719,0.0,0.0,0.0,-0.0,-0.0,0.0
3609.77,-0.021528182352941173,-0.022423106201356555,-0.026842530667383204,0.0008949238484153819,0.009454041550883188,0.004804905201878202,0.0,0.0,0.0,-0.0,-0.0,0.0
3610.67,-0.021548882352941175,-0.022463289863277953,-0.0267797370164479,0.0009144075103367788,0.009358924841238356,0.004749891424708134,0.0,0.0,0.0,-0.0,-0.0,0.0
3611.58,-0.021564164705882353,-0.022574981392038642,-0.026716245658279996,0.0010108166861562892,0.009213029592650326,0.004672926688254301,0.0,0.0,0.0,-0.0,-0.0,0.0
3612.48,-0.021572529411764706,-0.02259492492113522,-0.026653452007344692,0.0010223955093705134,0.009139414254155296,0.004616651672759247,0.0,0.0,0.0,-0.0,-0.0,0.0
3613.39,-0.021573658823529414,-0.02267305146745744,-0.02658996064917679,0.0010993926439280266,0.009007019544996896,0.004559751379314252,0.0,0.0,0.0,-0.0,-0.0,0.0
3614.29,-0.021568164705882353,-0.022776171805366837,-0.026527166998241487,0.0012080070994844837,0.008880021156103554,0.0044736826054046965,0.0,0.0,0.0,-0.0,-0.0,0.0
3615.2,-0.021557164705882353,-0.022776822209286996,-0.026463675640073583,0.0012196575034046434,0.008796652442624711,0.0044452324586822045,0.0,0.0,0.0,-0.0,-0.0,0.0
3616.11,-0.021541882352941175,-0.02290808004932023,-0.026400184281905652,0.0013661976963790547,0.008647764784020462,0.004351693820971986,0.0,0.0,0.0,-0.0,-0.0,0.0
3617.01,-0.021523335294117648,-0.022962406555582605,-0.026337390630970344,0.0014390712614649574,0.008539766468359647,0.004295418805476925,0.0,0.0,0.0,-0.0,-0.0,0.0
3617.92,-0.021502235294117652,-0.023006569935152182,-0.026273899272802444,0.0015043346410345305,0.008441334925953883,0.004238518512031936,0.0,0.0,0.0,-0.0,-0.0,0.0
3618.82,-0.021479147058823533,-0.023117803273294428,-0.02621110562186714,0.0016386562144708947,0.00827642977841321,0.004182243496536861,0.0,0.0,0.0,-0.0,-0.0,0.0
3619.73,-0.02145485294117647,-0.02315309907089562,-0.026147614263699236,0.001698246129719149,0.008186865817975822,0.004125343203091877,0.0,0.0,0.0,-0.0,-0.0,0.0
3620.64,-0.02143075882352941,-0.02321913111224984,-0.026084122905531335,0.0017883722887204294,0.008066565613785428,0.004068442909646881,0.0,0.0,0.0,-0.0,-0.0,0.0
3621.54,-0.021409217647058824,-0.023366744379205134,-0.02602132925459603,0.00195752673214631,0.007903262493388886,0.003974185938194625,0.0,0.0,0.0,-0.0,-0.0,0.0
3622.45,-0.021393594117647057,-0.023431100657037775,-0.025957837896428127,0.0020375065393907175,0.007784638052720062,0.003917285644749633,0.0,0.0,0.0,-0.0,-0.0,0.0
3623.35,-0.021388035294117643,-0.02347914678908506,-0.025895044245492823,0.0020911114949674174,0.0076829201112743346,0.0038610106292545753,0.0,0.0,0.0,-0.0,-0.0,0.0
3624.26,-0.021396952941176467,-0.02359161605320669,-0.025831552887324888,0.0021946631120302214,0.0075161826843165025,0.003804110335809542,0.0,0.0,0.0,-0.0,-0.0,0.0
3625.17,-0.021424323529411766,-0.023629382715078803,-0.025768061529156987,0.002205059185667036,0.0074241478596082005,0.003747210042364556,0.0,0.0,0.0,-0.0,-0.0,0.0
3626.08,-0.021472958823529415,-0.023705254389065948,-0.025704570170989084,0.002232295565536533,0.007294008022784877,0.0036903097489195606,0.0,0.0,0.0,-0.0,-0.0,0.0
3626.98,-0.02154388823529412,-0.023830429659201895,-0.02564177652005378,0.002286541423907773,0.007147026379975226,0.003602169296699766,0.0,0.0,0.0,-0.0,-0.0,0.0
3627.89,-0.021635994117647064,-0.023831080063122047,-0.02557828516188588,0.0021950859454749824,0.007063657666496383,0.0035737191499772736,0.0,0.0,0.0,-0.0,-0.0,0.0
3628.8,-0.02174599411764706,-0.02393778615977261,-0.025514793803717944,0.002191792042125551,0.006911355874490766,0.0035081463890510966,0.0,0.0,0.0,-0.0,-0.0,0.0
3629.7,-0.021868823529411767,-0.024005725303916793,-0.02545200015278267,0.002136901774505026,0.006800448710911364,0.0034411675835928734,0.0,0.0,0.0,-0.0,-0.0,0.0
3630.61,-0.021998358823529414,-0.024028615948899525,-0.025388508794614736,0.0020302571253701107,0.00670049835564586,0.003407058837594407,0.0,0.0,0.0,-0.0,-0.0,0.0
3631.52,-0.02212840588235294,-0.024171320749060733,-0.025325017436446835,0.002042914866707792,0.006533760928688171,0.003319923008109711,0.0,0.0,0.0,-0.0,-0.0,0.0
3632.43,-0.022254582352941178,-0.024185938260430383,-0.02526152607827893,0.0019313559074892045,0.006448044737636046,0.003279853231511013,0.0,0.0,0.0,-0.0,-0.0,0.0
3633.33,-0.022373935294117648,-0.024239575098852977,-0.025198732427343627,0.0018656398047353293,0.006327331070621594,0.003236983235209372,0.0,0.0,0.0,-0.0,-0.0,0.0
3634.24,-0.022485776470588234,-0.024334899611777153,-0.025135241069175727,0.0018491231411889193,0.006177738394861241,0.003180082941764367,0.0,0.0,0.0,-0.0,-0.0,0.0
3635.15,-0.02259185294117647,-0.02435357907323501,-0.02507174971100779,0.0017617261320585394,0.00610479077056719,0.003123182648319334,0.0,0.0,0.0,-0.0,-0.0,0.0
3636.06,-0.022695764705882356,-0.024448013445479835,-0.025008258352839888,0.0017522487395974784,0.005956088235486158,0.003066282354874358,0.0,0.0,0.0,-0.0,-0.0,0.0
3636.97,-0.022801958823529412,-0.024539640531231692,-0.024944766994671987,0.00173768170770228,0.00581019298689813,0.0030093820614293535,0.0,0.0,0.0,-0.0,-0.0,0.0
3637.88,-0.02291463529411765,-0.024554373126818445,-0.024881275636504052,0.001639737832700796,0.0057171458521586786,0.0029765281443008213,0.0,0.0,0.0,-0.0,-0.0,0.0
3638.78,-0.02303673529411765,-0.024628834567651855,-0.024818481985568748,0.0015920992735342053,0.005603480878499833,0.0029057848522327577,0.0,0.0,0.0,-0.0,-0.0,0.0
3639.69,-0.02316926470588235,-0.024713395211780183,-0.024754990627400848,0.0015441305058978318,0.005469560052406649,0.002843976577916434,0.0,0.0,0.0,-0.0,-0.0,0.0
3640.6,-0.02331097058823529,-0.024703624526515484,-0.024691499269232944,0.0013926539382801938,0.005396612428112663,0.002815526431193943,0.0,0.0,0.0,-0.0,-0.0,0.0
3641.51,-0.023458447058823526,-0.024777924300357836,-0.02462800791106501,0.0013194772415343094,0.005263182801071578,0.0027634878281114416,0.0,0.0,0.0,-0.0,-0.0,0.0
3642.42,-0.023606588235294115,-0.024819452780279146,-0.024564516552897108,0.0012128645449850303,0.005153329511188788,0.0027206441817917448,0.0,0.0,0.0,-0.0,-0.0,0.0
3643.33,-0.02374934117647059,-0.024822494014807555,-0.024501025194729204,0.0010731528383369666,0.00507209480499233,0.002687669197178621,0.0,0.0,0.0,-0.0,-0.0,0.0
3644.24,-0.023880664705882352,-0.02490352340927234,-0.024437533836561304,0.0010228587033899866,0.004936797247691348,0.0026307689037336377,0.0,0.0,0.0,-0.0,-0.0,0.0
3645.15,-0.02399555882352941,-0.0249115978247301,-0.02437404247839337,0.0009160390012006893,0.004851011494018927,0.002597311785667065,0.0,0.0,0.0,-0.0,-0.0,0.0
3646.06,-0.02409095294117647,-0.024941216684804764,-0.024310551120225465,0.0008502637436282948,0.004752585690529339,0.00255495027280081,0.0,0.0,0.0,-0.0,-0.0,0.0
3646.96,-0.02416630588235294,-0.024999708400565545,-0.02424775746929016,0.0008334025182126052,0.004636355247436016,0.00250274217523985,0.0,0.0,0.0,-0.0,-0.0,0.0
3647.87,-0.024222964705882352,-0.024989937715300888,-0.02418426611112226,0.000766973009418536,0.004563407623142002,0.0024742920285173477,0.0,0.0,0.0,-0.0,-0.0,0.0
3648.78,-0.024265111764705884,-0.025045248974629022,-0.024120774752954325,0.0007801372099231381,0.004448363309677079,0.0024228566263729072,0.0,0.0,0.0,-0.0,-0.0,0.0
3649.69,-0.024298723529411766,-0.02507301301799749,-0.024057283394786425,0.0007742894885857249,0.004352877657285174,0.0023794097791151616,0.0,0.0,0.0,-0.0,-0.0,0.0
3650.6,-0.024330452941176473,-0.025065361689148274,-0.02399379203661852,0.0007349087479718019,0.004281732313528296,0.0023470379954400795,0.0,0.0,0.0,-0.0,-0.0,0.0
3651.51,-0.02436669411764706,-0.025136146596530382,-0.023930300678450585,0.0007694524788833222,0.004156679243309968,0.0022901377019950665,0.0,0.0,0.0,-0.0,-0.0,0.0
3652.42,-0.024412841176470593,-0.02514272886501125,-0.023866809320282685,0.000729887688540657,0.004053997859573925,0.0022750683609690657,0.0,0.0,0.0,-0.0,-0.0,0.0
3653.33,-0.024472747058823532,-0.0251225370905617,-0.02380331796211478,0.0006497900317381684,0.003991471324464793,0.002246618214246574,0.0,0.0,0.0,-0.0,-0.0,0.0
3654.24,-0.024548441176470592,-0.025172383233019575,-0.02373982660394688,0.0006239420565489831,0.00388167420639786,0.0021954007335744517,0.0,0.0,0.0,-0.0,-0.0,0.0
3655.15,-0.024640070588235297,-0.025184850037995348,-0.023676335245778946,0.0005447794497600508,0.0038017037138709324,0.0021517359648443755,0.0,0.0,0.0,-0.0,-0.0,0.0
3656.06,-0.024746129411764708,-0.025160029973889282,-0.023612843887611045,0.00041390056212457435,0.0037401017529380435,0.0021269895336021513,0.0,0.0,0.0,-0.0,-0.0,0.0
3656.97,-0.02486393529411765,-0.025190597411950524,-0.02354935252944314,0.0003266621178328738,0.003624691627043976,0.0021006637651538,0.0,0.0,0.0,-0.0,-0.0,0.0
3657.89,-0.024990270588235296,-0.025176150186285117,-0.02348516346404261,0.00018587959804982138,0.0035613396444923685,0.0020660728857019033,0.0,0.0,0.0,-0.0,-0.0,0.0
3658.8,-0.025122111764705884,-0.02518348711497629,-0.023421672105874675,6.137535027040536e-05,0.003484687288950882,0.0020242198562709854,0.0,0.0,0.0,-0.0,-0.0,0.0
3659.71,-0.025257164705882355,-0.02518306913219586,-0.02335818074770677,-7.409557368649386e-05,0.0033889840794642237,0.0020091725922568994,0.0,0.0,0.0,-0.0,-0.0,0.0
3660.62,-0.025394105882352944,-0.02514203517937662,-0.02329468938953887,-0.00025207070297632306,0.003347299722724786,0.001980722445534397,0.0,0.0,0.0,-0.0,-0.0,0.0
3661.53,-0.025532452941176474,-0.025166279379845332,-0.023231198031370935,-0.0003661735613311422,0.0032555297576929965,0.0019370797538162453,0.0,0.0,0.0,-0.0,-0.0,0.0
3662.44,-0.025672082352941182,-0.02514344241802593,-0.023167706673203035,-0.0005286399349152537,0.003180455864958073,0.0019238221520893922,0.0,0.0,0.0,-0.0,-0.0,0.0
3663.35,-0.025812647058823534,-0.02511432264763385,-0.02310421531503513,-0.0006983244111896832,0.003130583118283652,0.0018916462128747153,0.0,0.0,0.0,-0.0,-0.0,0.0
3664.26,-0.02595309411764706,-0.025128236336540648,-0.0230407239568672,-0.0008248577811064139,0.0030360313440684536,0.0018611158419018824,0.0,0.0,0.0,-0.0,-0.0,0.0
3665.18,-0.02609148823529412,-0.025089452257249588,-0.0229765348914667,-0.0010020359780445326,0.002985382104645627,0.0018381590729469198,0.0,0.0,0.0,-0.0,-0.0,0.0
3666.09,-0.02622543529411765,-0.025054663219022166,-0.022913043533298764,-0.0011707720750954824,0.0029240278735940322,0.001823133885944701,0.0,0.0,0.0,-0.0,-0.0,0.0
3667.0,-0.026352317647058823,-0.025059141297317362,-0.02284955217513086,-0.0012931763497414615,0.002846363294974841,0.0017851519299875202,0.0,0.0,0.0,-0.0,-0.0,0.0
3667.91,-0.02646939411764706,-0.024989657197775603,-0.02278606081696296,-0.0014797369198714556,0.00280467893823542,0.0017851519299875202,0.0,0.0,0.0,-0.0,-0.0,0.0
3668.82,-0.026574700000000003,-0.024991577806337657,-0.022722569458795024,-0.0015831221936623459,0.002729571829349313,0.0017471699740303388,0.0,0.0,0.0,-0.0,-0.0,0.0
3669.74,-0.0266673,-0.024990657207283613,-0.022658380393394524,-0.001676642792716388,0.002645286976161934,0.00171998533860291,0.0,0.0,0.0,-0.0,-0.0,0.0
3670.65,-0.026747211764705882,-0.024939880393819086,-0.02259488903522659,-0.0018073313708867958,0.0025956926538749834,0.0017091880180731577,0.0,0.0,0.0,-0.0,-0.0,0.0
3671.56,-0.026814958823529408,-0.024907339974593025,-0.02253139767705869,-0.0019076188489363828,0.002544103971265792,0.0016821486636272346,0.0,0.0,0.0,-0.0,-0.0,0.0
3672.47,-0.026870964705882353,-0.024883158862753194,-0.022467906318890785,-0.001987805843129159,0.0024720470963239686,0.0016672181941277079,0.0,0.0,0.0,-0.0,-0.0,0.0
3673.39,-0.026915070588235293,-0.024831138380727064,-0.022403717253490253,-0.0020839322075082295,0.0024404402763786733,0.0016384554084302265,0.0,0.0,0.0,-0.0,-0.0,0.0
3674.3,-0.026946388235294116,-0.02480434745083606,-0.022340225895322318,-0.0021420407844580554,0.0023697497852048647,0.0016247683732138057,0.0,0.0,0.0,-0.0,-0.0,0.0
3675.21,-0.026963699999999993,-0.024770191357694326,-0.022276734537154418,-0.0021935086423056672,0.0023222636450776148,0.0015952421502016137,0.0,0.0,0.0,-0.0,-0.0,0.0
3676.12,-0.026966070588235292,-0.02470316271132368,-0.022213243178986514,-0.002262907876911611,0.0022864342871305055,0.0015869316982381875,0.0,0.0,0.0,-0.0,-0.0,0.0
3677.04,-0.026953482352941177,-0.024683657767539096,-0.022149054113585982,-0.002269824585402081,0.0022232206472399384,0.0015572601942444324,0.0,0.0,0.0,-0.0,-0.0,0.0
3677.95,-0.026927111764705882,-0.024609317240618586,-0.022085562755418082,-0.002317794524087296,0.0021863927178792705,0.0015572601942444324,0.0,0.0,0.0,-0.0,-0.0,0.0
3678.86,-0.026889176470588236,-0.024572345139470778,-0.022022071397250147,-0.002316831331117458,0.0021399051491655242,0.0015295514078247584,0.0,0.0,0.0,-0.0,-0.0,0.0
3679.78,-0.02684249411764706,-0.024532983535219568,-0.021957882331849615,-0.0023095105824274924,0.0020817850582354647,0.0015146430153371155,0.0,0.0,0.0,-0.0,-0.0,0.0
3680.69,-0.026789870588235294,-0.02448152849321545,-0.02189439097368171,-0.002308342095019844,0.0020505217906808984,0.0014861928686146237,0.0,0.0,0.0,-0.0,-0.0,0.0
3681.6,-0.02673328823529412,-0.02443240240269914,-0.02183089961551381,-0.002300885832594978,0.001993376011200583,0.00148129628233007,0.0,0.0,0.0,-0.0,-0.0,0.0
3682.52,-0.026673676470588235,-0.024376557998796223,-0.02176671055011328,-0.0022971184717920125,0.0019511647176128262,0.0014669618921518373,0.0,0.0,0.0,-0.0,-0.0,0.0
3683.43,-0.026611129411764706,-0.024316915893514066,-0.021703219191945376,-0.00229421351825064,0.0019232859323927542,0.0014433143263728886,0.0,0.0,0.0,-0.0,-0.0,0.0
3684.34,-0.02654450588235294,-0.024257826014595085,-0.02163972783377744,-0.002286679867757855,0.0018712073550305,0.0014433143263728886,0.0,0.0,0.0,-0.0,-0.0,0.0
3685.26,-0.02647165294117647,-0.0242357787105772,-0.02157553876837691,-0.0022358742305992677,0.0018188465273366594,0.0014053323704157075,0.0,0.0,0.0,-0.0,-0.0,0.0
3686.17,-0.026389888235294118,-0.02414545243266574,-0.02151204741020901,-0.0022444358026283764,0.001798004348966941,0.0014053323704157075,0.0,0.0,0.0,-0.0,-0.0,0.0
3687.09,-0.026296700000000003,-0.0240963937046841,-0.021447858344808474,-0.0022003062953159028,0.001745238145103631,0.0013947672145917512,0.0,0.0,0.0,-0.0,-0.0,0.0
3688.0,-0.026190505882352944,-0.02404352680848333,-0.021384366986640573,-0.002146979073869612,0.0017143533851564435,0.0013673504144585261,0.0,0.0,0.0,-0.0,-0.0,0.0
3688.92,-0.026071217647058827,-0.023960299458097585,-0.021320177921240042,-0.0021109181889612423,0.0016851906478732828,0.0013673504144585261,0.0,0.0,0.0,-0.0,-0.0,0.0
3689.83,-0.02594042352941177,-0.02390068212061065,-0.021256686563072138,-0.002039741408801119,0.0016336395290790409,0.0013673504144585261,0.0,0.0,0.0,-0.0,-0.0,0.0
3690.74,-0.02580102352941177,-0.02383773386431626,-0.021193195204904237,-0.00196328966509551,0.00160986024297624,0.001342909500574541,0.0,0.0,0.0,-0.0,-0.0,0.0
3691.66,-0.025656529411764706,-0.023771107267854957,-0.021129006139503706,-0.0018854221439097499,0.0015776377938418284,0.0013293684585013446,0.0,0.0,0.0,-0.0,-0.0,0.0
3692.57,-0.025510135294117647,-0.023703144736591467,-0.02106551478133577,-0.0018069905575261794,0.0015401218032137034,0.001323678524111726,0.0,0.0,0.0,-0.0,-0.0,0.0
3693.49,-0.02536399411764706,-0.02364058864791692,-0.02100132571593527,-0.001723405469730141,0.0015190505899168583,0.0012949157384142692,0.0,0.0,0.0,-0.0,-0.0,0.0
3694.41,-0.025218735294117643,-0.023571284754024067,-0.02093713665053474,-0.0016474505400935757,0.0014794936320109058,0.0012913865025441635,0.0,0.0,0.0,-0.0,-0.0,0.0
3695.32,-0.025073294117647055,-0.023490297779599413,-0.020873645292366804,-0.0015829963380476417,0.001449312150154325,0.0012913865025441635,0.0,0.0,0.0,-0.0,-0.0,0.0
3696.24,-0.02492508823529412,-0.02341669308597714,-0.020809456226966304,-0.001508395149316978,0.00142349189677371,0.0012784213618781998,0.0,0.0,0.0,-0.0,-0.0,0.0
3697.15,-0.024770364705882356,-0.023372225801726584,-0.02074596486879837,-0.0013981389041557712,0.0013818075400342522,0.0012534045465869821,0.0,0.0,0.0,-0.0,-0.0,0.0
3698.07,-0.024604852941176474,-0.023273722065169776,-0.020681775803397837,-0.0013311308760066975,0.0013679211889221499,0.0012534045465869821,0.0,0.0,0.0,-0.0,-0.0,0.0
3698.98,-0.024424517647058826,-0.023190756468965717,-0.020618284445229933,-0.0012337611780931096,0.0013397183288450293,0.0012534045465869821,0.0,0.0,0.0,-0.0,-0.0,0.0
3699.9,-0.02422622941176471,-0.023153390084718624,-0.020554095379829402,-0.0010728393270460872,0.0013026765813803972,0.0012154225906298008,0.0,0.0,0.0,-0.0,-0.0,0.0
3700.81,-0.02400842352941177,-0.023063063806807158,-0.0204906040216615,-0.0009453597226046113,0.0012818344030106864,0.0012154225906298008,0.0,0.0,0.0,-0.0,-0.0,0.0
3701.73,-0.023772464705882356,-0.022977021431086854,-0.02042641495626097,-0.0007954432747955022,0.00125548669106208,0.0012154225906298008,0.0,0.0,0.0,-0.0,-0.0,0.0
3702.65,-0.02352244117647059,-0.022928287329120032,-0.02036222589086044,-0.0005941538473505578,0.0012257794523689873,0.0011814738436208105,0.0,0.0,0.0,-0.0,-0.0,0.0
3703.56,-0.023264935294117647,-0.02284199426015675,-0.020298734532692535,-0.0004229410339608962,0.0012049372739992759,0.0011774406346726194,0.0,0.0,0.0,-0.0,-0.0,0.0
3704.48,-0.023008317647058824,-0.0227506753857847,-0.020234545467292003,-0.00025764226127412276,0.0011838660607024157,0.0011774406346726194,0.0,0.0,0.0,-0.0,-0.0,0.0
3705.4,-0.022761558823529413,-0.02267833565087752,-0.020170356401891472,-8.322317265189311e-05,0.0011518109096696815,0.001169445432943629,0.0,0.0,0.0,-0.0,-0.0,0.0
3706.31,-0.02253285882352941,-0.02260603843050369,-0.020106865043723568,7.317960697427947e-05,0.001141389820484826,0.0011409952862211372,0.0,0.0,0.0,-0.0,-0.0,0.0
3707.23,-0.022328411764705885,-0.022529605839134298,-0.020042675978323037,0.0002011940744284131,0.0011069689316910078,0.0011394586787154383,0.0,0.0,0.0,-0.0,-0.0,0.0
3708.15,-0.02215159411764706,-0.02243828696476225,-0.019978486912922505,0.0002866928471151921,0.0010858977183941497,0.0011394586787154383,0.0,0.0,0.0,-0.0,-0.0,0.0
3709.06,-0.022002729411764704,-0.022347960686850785,-0.0199149955547546,0.0003452312750860803,0.0010650555400244367,0.0011394586787154383,0.0,0.0,0.0,-0.0,-0.0,0.0
3709.98,-0.021879417647058825,-0.0222931358253113,-0.01985080648935407,0.0004137181782524757,0.0010439843267275736,0.001102964665882877,0.0,0.0,0.0,-0.0,-0.0,0.0
3710.9,-0.02177727647058824,-0.022193041798980233,-0.01978661742395354,0.00041576532839199265,0.0010331762085143527,0.0011014767227582568,0.0,0.0,0.0,-0.0,-0.0,0.0
3711.81,-0.021690788235294124,-0.022112609412545475,-0.019723126065785634,0.0004218211772513518,0.0010024401386679285,0.0011014767227582568,0.0,0.0,0.0,-0.0,-0.0,0.0
3712.73,-0.021614194117647062,-0.022018264998959376,-0.019658937000385103,0.0004040708813123142,0.0009843944645851217,0.0011014767227582568,0.0,0.0,0.0,-0.0,-0.0,0.0
3713.65,-0.02154214705882353,-0.02191652567212246,-0.01959474793498457,0.0003743786132989306,0.0009738410325152593,0.0011013793939961265,0.0,0.0,0.0,-0.0,-0.0,0.0
3714.57,-0.021470223529411765,-0.021863091424945462,-0.01953055886958404,0.0003928678955336974,0.0009527698192183961,0.0010634947668010757,0.0,0.0,0.0,-0.0,-0.0,0.0
3715.48,-0.02139521764705882,-0.021772765147034006,-0.01946706751141614,0.00037754749997518516,0.0009319276408486778,0.0010634947668010757,0.0,0.0,0.0,-0.0,-0.0,0.0
3716.4,-0.021315247058823525,-0.021681446272661956,-0.019402878446015605,0.0003661992138384307,0.00091085642755182,0.0010634947668010757,0.0,0.0,0.0,-0.0,-0.0,0.0
3717.32,-0.02122870588235294,-0.02159180999893881,-0.019338689380615073,0.00036310411658586894,0.0008897852142549616,0.0010618121661521663,0.0,0.0,0.0,-0.0,-0.0,0.0
3718.24,-0.02113434705882353,-0.021532902972842976,-0.019274500315214573,0.0003985559140194453,0.0008726015079902124,0.0010255128108438943,0.0,0.0,0.0,-0.0,-0.0,0.0
3719.15,-0.021030911764705885,-0.021432551677915607,-0.019211008957046638,0.0004016399132097219,0.0008617843466363536,0.0010255128108438943,0.0,0.0,0.0,-0.0,-0.0,0.0
3720.07,-0.020916829411764707,-0.02134123280354355,-0.019146819891646107,0.0004244033917788423,0.0008407131333395002,0.0010255128108438943,0.0,0.0,0.0,-0.0,-0.0,0.0
3720.99,-0.020790152941176473,-0.021242359167753674,-0.019082630826245606,0.0004522062265772016,0.0008271966814605244,0.0010255128108438943,0.0,0.0,0.0,-0.0,-0.0,0.0
3721.91,-0.02064872352941176,-0.021167494018724937,-0.019018441760845075,0.000518770489313175,0.0008124832307937679,0.0010027013228704805,0.0,0.0,0.0,-0.0,-0.0,0.0
3722.83,-0.02049055294117647,-0.02109054468571787,-0.018954252695444544,0.0005999917445414019,0.0007922129441156905,0.0009875308548867132,0.0,0.0,0.0,-0.0,-0.0,0.0
3723.75,-0.0203144,-0.020988690204697392,-0.018890063630044012,0.000674290204697392,0.0007816773374672588,0.0009875308548867132,0.0,0.0,0.0,-0.0,-0.0,0.0
3724.67,-0.02012040588235294,-0.020880882815496608,-0.01882587456464348,0.000760476933143666,0.0007770946389991352,0.0009875308548867132,0.0,0.0,0.0,-0.0,-0.0,0.0
3725.58,-0.019910670588235292,-0.02078608835658059,-0.018762383206475577,0.000875417768345297,0.0007607206416339748,0.0009875308548867132,0.0,0.0,0.0,-0.0,-0.0,0.0
3726.5,-0.019689629411764706,-0.02069128355850588,-0.018698194141075045,0.001001654146741176,0.000749093771380537,0.0009815724355459478,0.0,0.0,0.0,-0.0,-0.0,0.0
3727.42,-0.019464117647058823,-0.020631988220750255,-0.018634005075674514,0.0011678705736914326,0.0007280225580836738,0.0009495488989295318,0.0,0.0,0.0,-0.0,-0.0,0.0
3728.34,-0.019242994117647058,-0.020532419393524307,-0.01856981601027398,0.0012894252758772484,0.0007152012976407102,0.0009495488989295318,0.0,0.0,0.0,0.0,-0.0,0.0
3729.26,-0.01903639411764706,-0.02043543794795818,-0.018505626944873448,0.001399043830311121,0.0006997926555379277,0.0009495488989295318,0.0,0.0,0.0,0.0,-0.0,0.0
3730.18,-0.018854547058823532,-0.0203287104314834,-0.01844143787947295,0.0014741633726598688,0.0006941300843438574,0.0009495488989295318,0.0,0.0,0.0,0.0,-0.0,0.0
3731.1,-0.01870643529411765,-0.020226855950462922,-0.018377248814072416,0.0015204206563452713,0.0006835944776954256,0.0009495488989295318,0.0,0.0,0.0,0.0,-0.0,0.0
3732.02,-0.01859844117647059,-0.020171638232703317,-0.018313059748671884,0.0015731970562327287,0.0006644040637433007,0.0009115669429723505,0.0,0.0,0.0,0.0,-0.0,0.0
3732.94,-0.01853324117647059,-0.020069763578522967,-0.018248870683271353,0.001536522402052376,0.0006538886302547437,0.0009115669429723505,0.0,0.0,0.0,0.0,-0.0,0.0
3733.86,-0.018509229411764704,-0.019961175435863267,-0.01818468161787082,0.0014519460240985625,0.0006500866852455313,0.0009115669429723505,0.0,0.0,0.0,0.0,-0.0,0.0
3734.78,-0.018520564705882352,-0.019869856561491216,-0.01812049255247029,0.001349291855608864,0.0006290154719486758,0.0009115669429723505,0.0,0.0,0.0,0.0,-0.0,0.0
3735.7,-0.018558135294117647,-0.019762521763341742,-0.01805630348706979,0.0012043864692240953,0.0006239601824292966,0.0009115669429723505,0.0,0.0,0.0,0.0,-0.0,0.0
3736.62,-0.018610741176470588,-0.019660667282321263,-0.017992114421669255,0.001049926105850675,0.0006134245757808649,0.0009115669429723505,0.0,0.0,0.0,0.0,-0.0,0.0
3737.54,-0.018666611764705885,-0.019601445192327552,-0.017927925356268724,0.0009348334276216667,0.0005982385340628505,0.0008735849870151694,0.0,0.0,0.0,0.0,-0.0,0.0
3738.46,-0.018714917647058828,-0.019494940276237483,-0.017863736290868192,0.0007800226291786554,0.0005923533624840069,0.0008735849870151694,0.0,0.0,0.0,0.0,-0.0,0.0
3739.38,-0.0187470705882353,-0.01939559404939631,-0.01779954722546766,0.0006485234611610102,0.0005793095016562732,0.0008735849870151694,0.0,0.0,0.0,0.0,-0.0,0.0
3740.3,-0.018757564705882353,-0.01929209997741677,-0.01773535816006713,0.0005345352715344157,0.000570413485966904,0.0008735849870151694,0.0,0.0,0.0,0.0,-0.0,0.0
3741.22,-0.018744347058823527,-0.0191893768331761,-0.01767116909466663,0.0004450297743525712,0.0005607465425387225,0.0008735849870151694,0.0,0.0,0.0,0.0,-0.0,0.0
3742.14,-0.01870857058823529,-0.01911557656025234,-0.017606980029266098,0.00040700597201704866,0.0005565009619189307,0.0008392407528898098,0.0,0.0,0.0,0.0,-0.0,0.0
3743.06,-0.01865376470588235,-0.01902364982709232,-0.017542790963865566,0.0003698851212099695,0.0005396753292418644,0.0008356030310579882,0.0,0.0,0.0,0.0,-0.0,0.0
3743.98,-0.018584529411764705,-0.018921795346071843,-0.017478601898465035,0.0003372659343071384,0.0005291397225934328,0.0008356030310579882,0.0,0.0,0.0,0.0,-0.0,0.0
3744.91,-0.018504870588235297,-0.018815107542420825,-0.017413715125831904,0.00031023695418552766,0.0005222158071878618,0.0008356030310579882,0.0,0.0,0.0,0.0,-0.0,0.0
3745.83,-0.018416758823529413,-0.018710169872164766,-0.01734952606043137,0.00029341104863535306,0.0005147633897750109,0.0008356030310579882,0.0,0.0,0.0,0.0,-0.0,0.0
3746.75,-0.01831928823529412,-0.01860464474558078,-0.017285336995030837,0.00028535651028666065,0.0005078984286900875,0.0008356030310579882,0.0,0.0,0.0,0.0,-0.0,0.0
3747.67,-0.018208870588235296,-0.018499509474454456,-0.017221147929630306,0.00029063888621915987,0.0005007953025841175,0.0008354513406213747,0.0,0.0,0.0,0.0,-0.0,0.0
3748.59,-0.018080600000000002,-0.018426417779131447,-0.017156958864229774,0.0003458177791314451,0.0004902596959356899,0.0008066885549239036,0.0,0.0,0.0,0.0,-0.0,0.0
3749.51,-0.017930447058823528,-0.018326932506277895,-0.017092769798829243,0.0003964854474543672,0.0004864223609434282,0.0007976210751008069,0.0,0.0,0.0,0.0,-0.0,0.0
3750.44,-0.017757670588235297,-0.018226717330533646,-0.017027883026196112,0.00046904674229834853,0.0004730258176310911,0.0007976210751008069,0.0,0.0,0.0,0.0,-0.0,0.0
3751.36,-0.017566382352941175,-0.018121858439945005,-0.01696369396079558,0.0005554760870038304,0.0004654946205508209,0.0007976210751008069,0.0,0.0,0.0,0.0,-0.0,0.0
3752.28,-0.017366182352941177,-0.0180158496792438,-0.01689950489539505,0.0006496673263026234,0.00045911329358311787,0.0007976210751008069,0.0,0.0,0.0,0.0,-0.0,0.0
3753.2,-0.01717117647058824,-0.017917372115622922,-0.01683531582999455,0.0007461956450346835,0.00044520076953514457,0.0007976210751008069,0.0,0.0,0.0,0.0,-0.0,0.0
3754.12,-0.0169976,-0.01780498202795401,-0.016771126764594017,0.0008073820279540095,0.00044520076953514457,0.0007976210751008069,0.0,0.0,0.0,0.0,-0.0,0.0
3755.05,-0.016860558823529413,-0.017731540878793858,-0.016706239991960855,0.0008709820552644451,0.00044301215559583993,0.0007596391191436255,0.0,0.0,0.0,0.0,-0.0,0.0
3755.97,-0.016770670588235295,-0.017630874701233673,-0.016642050926560355,0.0008602041129983778,0.0004312882454871713,0.0007596391191436255,0.0,0.0,0.0,0.0,-0.0,0.0
3756.89,-0.016731376470588238,-0.017521078081953852,-0.016577861861159823,0.0007897016113656147,0.00042869477709808084,0.0007596391191436255,0.0,0.0,0.0,0.0,-0.0,0.0
3757.82,-0.016737570588235294,-0.017418785418556095,-0.01651297508852666,0.0006812148303208011,0.00041737572143919804,0.0007596391191436255,0.0,0.0,0.0,0.0,-0.0,0.0
3758.74,-0.01677590588235294,-0.017314965271794235,-0.01644878602312616,0.0005390593894412932,0.00040880578053220087,0.0007596391191436255,0.0,0.0,0.0,0.0,-0.0,0.0
3759.66,-0.016826741176470587,-0.017207917767266306,-0.01638459695772563,0.00038117659079571833,0.0004034631973912248,0.0007596391191436255,0.0,0.0,0.0,0.0,-0.0,0.0
3760.58,-0.016867523529411767,-0.017097343785705307,-0.016320407892325098,0.00022982025629354058,0.00040164709128331157,0.0007596391191436255,0.0,0.0,0.0,0.0,-0.0,0.0
3761.51,-0.016876817647058822,-0.01699438219076067,-0.016255521119691935,0.00011756454370184799,0.00039099696717131147,0.0007596391191436255,0.0,0.0,0.0,0.0,-0.0,0.0
3762.43,-0.016838317647058825,-0.016895085088939683,-0.016191332054291435,5.676744188085753e-05,0.00038955067334325155,0.0007479924271238193,0.0,0.0,0.0,0.0,-0.0,0.0
3763.35,-0.016743923529411765,-0.016814742660628965,-0.016127142988890904,7.081913121720004e-05,0.00038383827792243247,0.0007216571631864443,0.0,0.0,0.0,0.0,-0.0,0.0
3764.28,-0.016595205882352946,-0.01670933107019948,-0.01606225621625774,0.00011412518784653311,0.0003756381492952782,0.0007216571631864443,0.0,0.0,0.0,0.0,-0.0,0.0
3765.2,-0.016402976470588238,-0.016608999662749202,-0.01599806715085724,0.00020602319216096385,0.0003635794690766991,0.0007216571631864443,0.0,0.0,0.0,0.0,-0.0,0.0
3766.12,-0.016184964705882356,-0.01649846341890969,-0.01593387808545671,0.00031349871302733395,0.0003617256252473049,0.0007216571631864443,0.0,0.0,0.0,0.0,-0.0,0.0
3767.05,-0.015962129411764708,-0.016384851699853046,-0.015868991312823547,0.0004227222880883383,0.0003617256252473049,0.0007216571631864443,0.0,0.0,0.0,0.0,-0.0,0.0
3767.97,-0.015754435294117648,-0.016286374136232167,-0.015804802247423047,0.0005319388421145196,0.00034781310119933167,0.0007216571631864443,0.0,0.0,0.0,0.0,-0.0,0.0
3768.9,-0.015577094117647058,-0.016172762417175527,-0.015739915474789885,0.0005956682995284686,0.00034781310119933167,0.0007216571631864443,0.0,0.0,0.0,0.0,-0.0,0.0
3769.82,-0.015438164705882353,-0.016060372329506616,-0.015675726409389353,0.000622207623624263,0.00034781310119933167,0.0007216571631864443,0.0,0.0,0.0,0.0,0.0,0.0
3770.74,-0.015338170588235292,-0.015961713555260004,-0.015611537343988855,0.0006235429670247115,0.0003340817877770947,0.0007216571631864443,0.0,0.0,0.0,0.0,0.0,0.0
3771.67,-0.015271288235294117,-0.015848283046829094,-0.015546650571355692,0.0005769948115349772,0.0003339005771513584,0.0007216571631864443,0.0,0.0,0.0,0.0,0.0,0.0
3772.59,-0.015227782352941177,-0.015774327593868584,-0.015482461505955161,0.0005465452409274072,0.0003334478984001433,0.0006836752072292631,0.0,0.0,0.0,0.0,0.0,0.0
3773.52,-0.015196888235294118,-0.015674175720108756,-0.01541757473332203,0.00047728748481463794,0.00031998805310338513,0.0006836752072292631,0.0,0.0,0.0,0.0,0.0,0.0
3774.44,-0.0151694,-0.01558900090077863,-0.015353385667921498,0.00041960090077862965,0.00031057112932612223,0.0006658768626677441,0.0,0.0,0.0,0.0,0.0,0.0
3775.37,-0.015139576470588233,-0.01645183717371591,-0.015288498895288369,0.0013122607031276767,0.0,0.0,0.0,0.0,0.0,0.0,0.0,0.0
3776.29,-0.015106094117647057,-0.016339447086047,-0.015224309829887837,0.001233352968399942,0.0,0.0,0.0,0.0,0.0,0.0,0.0,0.0
3777.22,-0.015072023529411763,-0.01622583536699041,-0.015159423057254706,0.0011538118375786482,0.0,0.0,0.0,0.0,0.0,0.0,0.0,0.0
3778.14,-0.015043752941176469,-0.016113445279321504,-0.015095233991854173,0.001069692338145035,0.0,0.0,0.0,0.0,0.0,0.0,0.0,0.0
3779.07,-0.015029082352941175,-0.015999833560264864,-0.015030347219221012,0.0009707512073236883,0.0,0.0,0.0,0.0,0.0,0.0,0.0,0.0
3779.99,-0.015034694117647058,-0.01588744347259601,-0.014966158153820512,0.0008527493549489503,0.0,0.0,0.0,0.0,0.0,0.0,0.0,0.0
3780.92,-0.015063641176470587,-0.01577383175353937,-0.014901271381187351,0.0007101905770687811,0.0,0.0,0.0,0.0,0.0,0.0,0.0,0.0
3781.84,-0.015113482352941176,-0.01566144166587046,-0.01483708231578682,0.0005479593129292856,0.0,0.0,0.0,0.0,0.0,0.0,0.0,0.0
3782.77,-0.015175870588235293,-0.015547829946813873,-0.014772195543153689,0.00037195935857857985,0.0,0.0,0.0,0.0,0.0,0.0,0.0,0.0
3783.7,-0.015237800000000001,-0.015434218227757288,-0.01470730877052056,0.00019641822775728728,0.0,0.0,0.0,0.0,0.0,0.0,0.0,0.0
3784.62,-0.015284335294117648,-0.015321828140088378,-0.014643119705120026,3.749284597072931e-05,0.0,0.0,0.0,0.0,0.0,0.0,0.0,0.0
3785.55,-0.015302035294117645,-0.015208216421031737,-0.014578232932486865,-9.381887308590811e-05,0.0,0.0,0.0,0.0,0.0,0.0,0.0,0.0
3786.47,-0.015281994117647055,-0.015095826333362886,-0.014514043867086365,-0.00018616778428416983,0.0,0.0,0.0,0.0,0.0,0.0,0.0,0.0
3787.4,-0.015222047058823527,-0.014982214614306242,-0.014449157094453203,-0.00023983244451728468,0.0,0.0,0.0,0.0,0.0,0.0,0.0,0.0
3788.33,-0.015127617647058821,-0.014868602895249657,-0.014384270321820073,-0.00025901475180916365,0.0,0.0,0.0,0.0,0.0,0.0,0.0,0.0
3789.25,-0.015011135294117645,-0.014756212807580747,-0.014320081256419542,-0.00025492248653689875,0.0,0.0,0.0,0.0,0.0,0.0,0.0,0.0
3790.18,-0.014890441176470585,-0.014642601088524162,-0.01425519448378641,-0.0002478400879464236,0.0,0.0,0.0,0.0,0.0,0.0,0.0,0.0
3791.11,-0.01478636470588235,-0.014528989369467518,-0.01419030771115325,-0.0002573753364148324,0.0,0.0,0.0,0.0,0.0,0.0,0.0,0.0
3792.03,-0.014719935294117645,-0.014416599281798611,-0.014126118645752717,-0.0003033360123190342,0.0,0.0,0.0,0.0,0.0,0.0,0.0,0.0
3792.96,-0.014709611764705881,-0.014302987562742026,-0.014061231873119587,-0.0004066242019638549,0.0,0.0,0.0,0.0,0.0,0.0,0.0,0.0
3793.89,-0.014768917647058821,-0.014189375843685442,-0.013996345100486458,-0.0005795418033733794,0.0,0.0,0.0,0.0,0.0,0.0,0.0,0.0
3794.81,-0.014904888235294117,-0.01407698575601653,-0.013932156035085927,-0.0008279024792775865,0.0,0.0,0.0,0.0,0.0,0.0,0.0,0.0
3795.74,-0.015117617647058825,-0.013963374036959946,-0.013867269262452797,-0.0011542436100988786,0.0,0.0,0.0,0.0,0.0,0.0,0.0,0.0
3796.67,-0.0154009,-0.013849762317903302,-0.013802382489819635,-0.0015511376820966979,0.0,0.0,0.0,0.0,0.0,0.0,0.0,0.0
3797.6,-0.015743835294117648,-0.013736150598846718,-0.013737495717186505,-0.0020076846952709303,0.0,0.0,0.0,0.0,0.0,0.0,0.0,0.0
3798.52,-0.016132923529411765,-0.01362376051117781,-0.013673306651785972,-0.0025091630182339543,0.0,0.0,0.0,0.0,0.0,0.0,0.0,0.0
3799.45,-0.01655418823529412,-0.013510148792121222,-0.013608419879152843,-0.003044039443172896,0.0,0.0,0.0,0.0,0.0,0.0,0.0,0.0
